,COUNTRY_ISO_3,TIME_PERIOD,population
0,AFG,2013,31541.2085
1,AFG,2014,32716.21
2,AFG,2015,33753.499
3,AFG,2016,34636.2075
4,AFG,2017,35643.4175
5,AFG,2018,36686.784
6,AFG,2019,37769.4985
7,AFG,2020,38972.2305
8,AFG,2021,40099.462
9,AFG,2022,41128.771
10,AFG,2023,42239.854
11,ALB,2013,2887.014
12,ALB,2014,2884.102
13,ALB,2015,2882.4805
14,ALB,2016,2881.063
15,ALB,2017,2879.355
16,ALB,2018,2877.013
17,ALB,2019,2873.8835
18,ALB,2020,2866.8485
19,ALB,2021,2854.71
20,ALB,2022,2842.321
21,ALB,2023,2832.439
22,DZA,2013,38000.6265
23,DZA,2014,38760.1675
24,DZA,2015,39543.1545
25,DZA,2016,40339.3285
26,DZA,2017,41136.546
27,DZA,2018,41927.007
28,DZA,2019,42705.3685
29,DZA,2020,43451.666
30,DZA,2021,44177.9685
31,DZA,2022,44903.225
32,DZA,2023,45606.4805
33,AND,2013,71.3665
34,AND,2014,71.6215
35,AND,2015,71.7455
36,AND,2016,72.5405
37,AND,2017,73.8365
38,AND,2018,75.0135
39,AND,2019,76.343
40,AND,2020,77.7
41,AND,2021,79.034
42,AND,2022,79.824
43,AND,2023,80.088
44,AGO,2013,26147.002
45,AGO,2014,27128.3365
46,AGO,2015,28127.721
47,AGO,2016,29154.7455
48,AGO,2017,30208.628
49,AGO,2018,31273.533
50,AGO,2019,32353.588
51,AGO,2020,33428.486
52,AGO,2021,34503.7735
53,AGO,2022,35588.987
54,AGO,2023,36684.2025
55,ATG,2013,88.497
56,ATG,2014,89.236
57,ATG,2015,89.9405
58,ATG,2016,90.5645
59,ATG,2017,91.119
60,ATG,2018,91.6255
61,ATG,2019,92.1165
62,ATG,2020,92.664
63,ATG,2021,93.2195
64,ATG,2022,93.763
65,ATG,2023,94.298
66,ARG,2013,42388.269
67,ARG,2014,42824.0535
68,ARG,2015,43257.0655
69,ARG,2016,43668.2415
70,ARG,2017,44054.616
71,ARG,2018,44413.596
72,ARG,2019,44745.52
73,ARG,2020,45036.032
74,ARG,2021,45276.78
75,ARG,2022,45510.318
76,ARG,2023,45773.884
77,ARM,2013,2901.3845
78,ARM,2014,2889.9295
79,ARM,2015,2878.5945
80,ARM,2016,2865.835
81,ARM,2017,2851.923
82,ARM,2018,2836.557
83,ARM,2019,2820.6015
84,ARM,2020,2805.6085
85,ARM,2021,2790.9735
86,ARM,2022,2780.469
87,ARM,2023,2777.9705
88,AUS,2013,23111.7815
89,AUS,2014,23469.5795
90,AUS,2015,23820.2365
91,AUS,2016,24195.7015
92,AUS,2017,24590.3335
93,AUS,2018,24979.23
94,AUS,2019,25357.17
95,AUS,2020,25670.0505
96,AUS,2021,25921.089
97,AUS,2022,26177.4135
98,AUS,2023,26439.1115
99,AUT,2013,8479.539
100,AUT,2014,8546.0655
101,AUT,2015,8642.421
102,AUT,2016,8736.4865
103,AUT,2017,8797.496
104,AUT,2018,8840.5125
105,AUT,2019,8879.9395
106,AUT,2020,8907.777
107,AUT,2021,8922.082
108,AUT,2022,8939.617
109,AUT,2023,8958.9605
110,AZE,2013,9614.4785
111,AZE,2014,9741.8805
112,AZE,2015,9863.48
113,AZE,2016,9976.248
114,AZE,2017,10071.567
115,AZE,2018,10152.5215
116,AZE,2019,10232.753
117,AZE,2020,10284.951
118,AZE,2021,10312.992
119,AZE,2022,10358.074
120,AZE,2023,10412.6515
121,BHS,2013,385.65
122,BHS,2014,389.131
123,BHS,2015,392.6975
124,BHS,2016,395.9765
125,BHS,2017,399.02
126,BHS,2018,401.9065
127,BHS,2019,404.557
128,BHS,2020,406.4715
129,BHS,2021,407.9055
130,BHS,2022,409.984
131,BHS,2023,412.6235
132,BHR,2013,1261.673
133,BHR,2014,1311.1345
134,BHR,2015,1362.142
135,BHR,2016,1409.661
136,BHR,2017,1456.834
137,BHR,2018,1487.3395
138,BHR,2019,1494.1885
139,BHR,2020,1477.469
140,BHR,2021,1463.2655
141,BHR,2022,1472.233
142,BHR,2023,1485.5095
143,BGD,2013,154030.1395
144,BGD,2014,155961.2985
145,BGD,2015,157829.9995
146,BGD,2016,159784.5685
147,BGD,2017,161793.9635
148,BGD,2018,163683.958
149,BGD,2019,165516.222
150,BGD,2020,167420.9505
151,BGD,2021,169356.251
152,BGD,2022,171186.3725
153,BGD,2023,172954.319
154,BRB,2013,276.865
155,BRB,2014,277.493
156,BRB,2015,278.083
157,BRB,2016,278.649
158,BRB,2017,279.187
159,BRB,2018,279.6885
160,BRB,2019,280.1795
161,BRB,2020,280.693
162,BRB,2021,281.1995
163,BRB,2022,281.635
164,BRB,2023,281.9955
165,BLR,2013,9691.1365
166,BLR,2014,9693.7395
167,BLR,2015,9700.609
168,BLR,2016,9708.11
169,BLR,2017,9707.876
170,BLR,2018,9695.5735
171,BLR,2019,9673.971
172,BLR,2020,9633.7405
173,BLR,2021,9578.1675
174,BLR,2022,9534.9545
175,BLR,2023,9498.238
176,BEL,2013,11103.257
177,BEL,2014,11176.723
178,BEL,2015,11248.3035
179,BEL,2016,11316.836
180,BEL,2017,11384.4895
181,BEL,2018,11448.5955
182,BEL,2019,11510.568
183,BEL,2020,11561.7165
184,BEL,2021,11611.4195
185,BEL,2022,11655.93
186,BEL,2023,11686.14
187,BLZ,2013,344.6875
188,BLZ,2014,352.335
189,BLZ,2015,359.871
190,BLZ,2016,367.3125
191,BLZ,2017,374.6935
192,BLZ,2018,382.066
193,BLZ,2019,389.095
194,BLZ,2020,394.9205
195,BLZ,2021,400.031
196,BLZ,2022,405.2725
197,BLZ,2023,410.825
198,BEN,2013,10308.7305
199,BEN,2014,10614.844
200,BEN,2015,10932.7835
201,BEN,2016,11260.0845
202,BEN,2017,11596.7785
203,BEN,2018,11940.6835
204,BEN,2019,12290.444
205,BEN,2020,12643.123
206,BEN,2021,12996.895
207,BEN,2022,13352.864
208,BEN,2023,13712.828
209,BTN,2013,728.8885
210,BTN,2014,736.357
211,BTN,2015,743.274
212,BTN,2016,749.7615
213,BTN,2017,756.1215
214,BTN,2018,762.0965
215,BTN,2019,767.459
216,BTN,2020,772.506
217,BTN,2021,777.4865
218,BTN,2022,782.455
219,BTN,2023,787.4245
220,BOL,2013,10743.349
221,BOL,2014,10916.9875
222,BOL,2015,11090.0855
223,BOL,2016,11263.0155
224,BOL,2017,11435.5335
225,BOL,2018,11606.905
226,BOL,2019,11777.3145
227,BOL,2020,11936.162
228,BOL,2021,12079.472
229,BOL,2022,12224.11
230,BOL,2023,12388.571
231,BIH,2013,3617.5585
232,BIH,2014,3571.0675
233,BIH,2015,3524.324
234,BIH,2016,3480.986
235,BIH,2017,3440.027
236,BIH,2018,3400.129
237,BIH,2019,3360.7115
238,BIH,2020,3318.4075
239,BIH,2021,3270.943
240,BIH,2022,3233.5265
241,BIH,2023,3210.8475
242,BWA,2013,2217.278
243,BWA,2014,2260.3755
244,BWA,2015,2305.1715
245,BWA,2016,2352.4155
246,BWA,2017,2401.84
247,BWA,2018,2451.4085
248,BWA,2019,2499.7015
249,BWA,2020,2546.402
250,BWA,2021,2588.423
251,BWA,2022,2630.296
252,BWA,2023,2675.3525
253,BRA,2013,201721.767
254,BRA,2014,203459.6505
255,BRA,2015,205188.205
256,BRA,2016,206859.578
257,BRA,2017,208504.96
258,BRA,2018,210166.5925
259,BRA,2019,211782.878
260,BRA,2020,213196.3035
261,BRA,2021,214326.223
262,BRA,2022,215313.498
263,BRA,2023,216422.446
264,BRN,2013,411.7025
265,BRN,2014,416.656
266,BRN,2015,421.4365
267,BRN,2016,425.994
268,BRN,2017,430.2765
269,BRN,2018,434.2745
270,BRN,2019,438.0485
271,BRN,2020,441.725
272,BRN,2021,445.373
273,BRN,2022,449.0015
274,BRN,2023,452.5235
275,BGR,2013,7431.1675
276,BGR,2014,7372.1415
277,BGR,2015,7309.2535
278,BGR,2016,7245.9745
279,BGR,2017,7182.4285
280,BGR,2018,7117.4305
281,BGR,2019,7052.532
282,BGR,2020,6979.1745
283,BGR,2021,6885.8675
284,BGR,2022,6781.953
285,BGR,2023,6687.717
286,BFA,2013,17636.4075
287,BFA,2014,18169.8425
288,BFA,2015,18718.0195
289,BFA,2016,19275.498
290,BFA,2017,19835.8585
291,BFA,2018,20392.723
292,BFA,2019,20951.639
293,BFA,2020,21522.626
294,BFA,2021,22100.6835
295,BFA,2022,22673.762
296,BFA,2023,23251.485
297,BDI,2013,10149.5775
298,BDI,2014,10494.9125
299,BDI,2015,10727.1485
300,BDI,2016,10903.3275
301,BDI,2017,11155.593
302,BDI,2018,11493.4725
303,BDI,2019,11874.838
304,BDI,2020,12220.2265
305,BDI,2021,12551.213
306,BDI,2022,12889.5765
307,BDI,2023,13238.559
308,CPV,2013,539.94
309,CPV,2014,546.076
310,CPV,2015,552.166
311,CPV,2016,558.3945
312,CPV,2017,564.954
313,CPV,2018,571.2015
314,CPV,2019,577.0305
315,CPV,2020,582.64
316,CPV,2021,587.925
317,CPV,2022,593.1495
318,CPV,2023,598.682
319,KHM,2013,14999.683
320,KHM,2014,15210.8165
321,KHM,2015,15417.523
322,KHM,2016,15624.5835
323,KHM,2017,15830.6885
324,KHM,2018,16025.2385
325,KHM,2019,16207.746
326,KHM,2020,16396.8605
327,KHM,2021,16589.0235
328,KHM,2022,16767.8425
329,KHM,2023,16944.826
330,CMR,2013,21632.85
331,CMR,2014,22299.585
332,CMR,2015,23012.6465
333,CMR,2016,23711.63
334,CMR,2017,24393.1815
335,CMR,2018,25076.7465
336,CMR,2019,25782.341
337,CMR,2020,26491.0865
338,CMR,2021,27198.628
339,CMR,2022,27914.5365
340,CMR,2023,28647.293
341,CAN,2013,35063.691
342,CAN,2014,35404.608
343,CAN,2015,35732.126
344,CAN,2016,36113.532
345,CAN,2017,36554.3475
346,CAN,2018,37035.254
347,CAN,2019,37522.5845
348,CAN,2020,37888.705
349,CAN,2021,38155.012
350,CAN,2022,38454.327
351,CAN,2023,38781.2915
352,CAF,2013,4802.4285
353,CAF,2014,4798.7345
354,CAF,2015,4819.333
355,CAF,2016,4904.1775
356,CAF,2017,4996.741
357,CAF,2018,5094.78
358,CAF,2019,5209.3245
359,CAF,2020,5343.02
360,CAF,2021,5457.1545
361,CAF,2022,5579.1435
362,CAF,2023,5742.3155
363,TCD,2013,13216.7665
364,TCD,2014,13697.1255
365,TCD,2015,14140.274
366,TCD,2016,14592.585
367,TCD,2017,15085.884
368,TCD,2018,15604.21
369,TCD,2019,16126.866
370,TCD,2020,16644.7015
371,TCD,2021,17179.74
372,TCD,2022,17723.3145
373,TCD,2023,18278.5675
374,CHL,2013,17509.9245
375,CHL,2014,17687.108
376,CHL,2015,17870.124
377,CHL,2016,18083.8795
378,CHL,2017,18368.577
379,CHL,2018,18701.4505
380,CHL,2019,19039.4855
381,CHL,2020,19300.3145
382,CHL,2021,19493.1845
383,CHL,2022,19603.733
384,CHL,2023,19629.59
385,CHN,2013,1376100.3075
386,CHN,2014,1385189.6685
387,CHN,2015,1393715.4485
388,CHN,2016,1401889.6805
389,CHN,2017,1410275.9565
390,CHN,2018,1417069.4685
391,CHN,2019,1421864.031
392,CHN,2020,1424929.781
393,CHN,2021,1425893.4645
394,CHN,2022,1425887.337
395,CHN,2023,1425671.352
396,COL,2013,46237.93
397,COL,2014,46677.947
398,COL,2015,47119.728
399,COL,2016,47625.9555
400,COL,2017,48351.6705
401,COL,2018,49276.9615
402,COL,2019,50187.4065
403,COL,2020,50930.6625
404,COL,2021,51516.562
405,COL,2022,51874.024
406,COL,2023,52085.1675
407,COM,2013,699.3925
408,COM,2014,714.612
409,COM,2015,730.2155
410,COM,2016,746.232
411,COM,2017,761.664
412,COM,2018,776.3135
413,COM,2019,790.986
414,COM,2020,806.166
415,COM,2021,821.6255
416,COM,2022,836.7735
417,COM,2023,852.075
418,COG,2013,4828.0665
419,COG,2014,4944.8615
420,COG,2015,5064.386
421,COG,2016,5186.8235
422,COG,2017,5312.3395
423,COG,2018,5441.062
424,COG,2019,5570.7325
425,COG,2020,5702.174
426,COG,2021,5835.806
427,COG,2022,5970.424
428,COG,2023,6106.869
429,CRI,2013,4791.535
430,CRI,2014,4844.2885
431,CRI,2015,4895.242
432,CRI,2016,4945.205
433,CRI,2017,4993.8415
434,CRI,2018,5040.734
435,CRI,2019,5084.5315
436,CRI,2020,5123.105
437,CRI,2021,5153.957
438,CRI,2022,5180.829
439,CRI,2023,5212.173
440,CIV,2013,22469.2675
441,CIV,2014,22995.5555
442,CIV,2015,23596.741
443,CIV,2016,24213.6215
444,CIV,2017,24848.0155
445,CIV,2018,25493.9885
446,CIV,2019,26147.551
447,CIV,2020,26811.7905
448,CIV,2021,27478.249
449,CIV,2022,28160.5425
450,CIV,2023,28873.0335
451,HRV,2013,4308.8535
452,HRV,2014,4283.972
453,HRV,2015,4254.815
454,HRV,2016,4223.751
455,HRV,2017,4192.4665
456,HRV,2018,4160.485
457,HRV,2019,4129.7515
458,HRV,2020,4096.8695
459,HRV,2021,4060.1355
460,HRV,2022,4030.3575
461,HRV,2023,4008.6165
462,CUB,2013,11321.5795
463,CUB,2014,11332.026
464,CUB,2015,11339.894
465,CUB,2016,11342.0115
466,CUB,2017,11336.405
467,CUB,2018,11328.244
468,CUB,2019,11316.6965
469,CUB,2020,11300.698
470,CUB,2021,11256.3725
471,CUB,2022,11212.191
472,CUB,2023,11194.449
473,CYP,2013,1166.9685
474,CYP,2014,1176.995
475,CYP,2015,1187.28
476,CYP,2016,1197.8815
477,CYP,2017,1208.523
478,CYP,2018,1218.831
479,CYP,2019,1228.8365
480,CYP,2020,1237.537
481,CYP,2021,1244.188
482,CYP,2022,1251.4885
483,CYP,2023,1260.138
484,CZE,2013,10514.5525
485,CZE,2014,10517.1815
486,CZE,2015,10523.7975
487,CZE,2016,10527.5905
488,CZE,2017,10531.305
489,CZE,2018,10534.593
490,CZE,2019,10536.871
491,CZE,2020,10530.9535
492,CZE,2021,10510.7505
493,CZE,2022,10493.986
494,CZE,2023,10495.295
495,PRK,2013,25001.819
496,PRK,2014,25126.131
497,PRK,2015,25258.015
498,PRK,2016,25389.611
499,PRK,2017,25516.3215
500,PRK,2018,25638.1495
501,PRK,2019,25755.4405
502,PRK,2020,25867.467
503,PRK,2021,25971.909
504,PRK,2022,26069.4165
505,PRK,2023,26160.8215
506,COD,2013,73460.021
507,COD,2014,76035.5885
508,COD,2015,78656.9035
509,COD,2016,81430.9765
510,COD,2017,84283.273
511,COD,2018,87087.355
512,COD,2019,89906.8905
513,COD,2020,92853.1645
514,COD,2021,95894.1185
515,COD,2022,99010.212
516,COD,2023,102262.8085
517,DNK,2013,5625.3845
518,DNK,2014,5650.6525
519,DNK,2015,5677.796
520,DNK,2016,5706.857
521,DNK,2017,5737.2845
522,DNK,2018,5766.686
523,DNK,2019,5795.878
524,DNK,2020,5825.641
525,DNK,2021,5854.2405
526,DNK,2022,5882.2615
527,DNK,2023,5910.913
528,DJI,2013,971.7525
529,DJI,2014,989.0865
530,DJI,2015,1006.259
531,DJI,2016,1023.2615
532,DJI,2017,1040.2325
533,DJI,2018,1057.198
534,DJI,2019,1073.994
535,DJI,2020,1090.156
536,DJI,2021,1105.5575
537,DJI,2022,1120.8485
538,DJI,2023,1136.4545
539,DMA,2013,68.8185
540,DMA,2014,69.371
541,DMA,2015,70.0065
542,DMA,2016,70.075
543,DMA,2017,70.403
544,DMA,2018,70.8225
545,DMA,2019,71.428
546,DMA,2020,71.9945
547,DMA,2021,72.4125
548,DMA,2022,72.7375
549,DMA,2023,73.04
550,DOM,2013,10157.051
551,DOM,2014,10282.115
552,DOM,2015,10405.832
553,DOM,2016,10527.5915
554,DOM,2017,10647.244
555,DOM,2018,10765.5305
556,DOM,2019,10881.8825
557,DOM,2020,10999.6635
558,DOM,2021,11117.8735
559,DOM,2022,11228.821
560,DOM,2023,11332.9725
561,ECU,2013,15722.9895
562,ECU,2014,15957.994
563,ECU,2015,16195.902
564,ECU,2016,16439.585
565,ECU,2017,16696.944
566,ECU,2018,17015.6715
567,ECU,2019,17343.7405
568,ECU,2020,17588.5955
569,ECU,2021,17797.737
570,ECU,2022,18001.0
571,ECU,2023,18190.484
572,EGY,2013,93377.8905
573,EGY,2014,95592.324
574,EGY,2015,97723.7985
575,EGY,2016,99784.0295
576,EGY,2017,101789.3855
577,EGY,2018,103740.7655
578,EGY,2019,105618.671
579,EGY,2020,107465.134
580,EGY,2021,109262.1775
581,EGY,2022,110990.103
582,EGY,2023,112716.5985
583,SLV,2013,6185.6425
584,SLV,2014,6209.5265
585,SLV,2015,6231.066
586,SLV,2016,6250.51
587,SLV,2017,6266.6545
588,SLV,2018,6276.3425
589,SLV,2019,6280.217
590,SLV,2020,6292.731
591,SLV,2021,6314.1675
592,SLV,2022,6336.392
593,SLV,2023,6364.9425
594,GNQ,2013,1243.941
595,GNQ,2014,1295.183
596,GNQ,2015,1346.973
597,GNQ,2016,1398.9265
598,GNQ,2017,1450.694
599,GNQ,2018,1502.0915
600,GNQ,2019,1553.0305
601,GNQ,2020,1596.0485
602,GNQ,2021,1634.4655
603,GNQ,2022,1674.908
604,GNQ,2023,1714.6715
605,ERI,2013,3296.367
606,ERI,2014,3323.425
607,ERI,2015,3340.006
608,ERI,2016,3365.2875
609,ERI,2017,3396.933
610,ERI,2018,3445.3745
611,ERI,2019,3498.818
612,ERI,2020,3555.868
613,ERI,2021,3620.312
614,ERI,2022,3684.0315
615,ERI,2023,3748.9015
616,EST,2013,1317.9815
617,EST,2014,1314.526
618,EST,2015,1314.6565
619,EST,2016,1315.9255
620,EST,2017,1317.5485
621,EST,2018,1322.1475
622,EST,2019,1327.0385
623,EST,2020,1329.444
624,EST,2021,1328.701
625,EST,2022,1326.062
626,EST,2023,1322.7655
627,SWZ,2013,1118.319
628,SWZ,2014,1125.865
629,SWZ,2015,1133.936
630,SWZ,2016,1142.524
631,SWZ,2017,1151.3905
632,SWZ,2018,1160.4275
633,SWZ,2019,1169.613
634,SWZ,2020,1180.655
635,SWZ,2021,1192.271
636,SWZ,2022,1201.6705
637,SWZ,2023,1210.8215
638,ETH,2013,97084.366
639,ETH,2014,99746.7665
640,ETH,2015,102471.8955
641,ETH,2016,105293.2285
642,ETH,2017,108197.9495
643,ETH,2018,111129.438
644,ETH,2019,114120.5935
645,ETH,2020,117190.911
646,ETH,2021,120283.026
647,ETH,2022,123379.9245
648,ETH,2023,126527.06
649,FJI,2013,913.453
650,FJI,2014,915.56
651,FJI,2015,917.2
652,FJI,2016,918.371
653,FJI,2017,919.0185
654,FJI,2018,918.996
655,FJI,2019,918.4645
656,FJI,2020,920.422
657,FJI,2021,924.6095
658,FJI,2022,929.766
659,FJI,2023,936.3755
660,FIN,2013,5438.8715
661,FIN,2014,5461.4395
662,FIN,2015,5479.461
663,FIN,2016,5495.219
664,FIN,2017,5508.1395
665,FIN,2018,5515.461
666,FIN,2019,5521.5365
667,FIN,2020,5529.468
668,FIN,2021,5535.992
669,FIN,2022,5540.7455
670,FIN,2023,5545.4745
671,FRA,2013,63335.18
672,FRA,2014,63588.491
673,FRA,2015,63809.769
674,FRA,2016,63989.3185
675,FRA,2017,64144.0865
676,FRA,2018,64277.8075
677,FRA,2019,64399.7585
678,FRA,2020,64480.053
679,FRA,2021,64531.444
680,FRA,2022,64626.628
681,FRA,2023,64756.584
682,GAB,2013,1902.2265
683,GAB,2014,1966.8555
684,GAB,2015,2028.517
685,GAB,2016,2086.2055
686,GAB,2017,2140.2155
687,GAB,2018,2192.0115
688,GAB,2019,2242.7855
689,GAB,2020,2292.573
690,GAB,2021,2341.179
691,GAB,2022,2388.9925
692,GAB,2023,2436.5665
693,GMB,2013,2124.8695
694,GMB,2014,2189.019
695,GMB,2015,2253.1335
696,GMB,2016,2317.2055
697,GMB,2017,2381.1815
698,GMB,2018,2444.9155
699,GMB,2019,2508.8835
700,GMB,2020,2573.995
701,GMB,2021,2639.9155
702,GMB,2022,2705.992
703,GMB,2023,2773.168
704,GEO,2013,3786.0225
705,GEO,2014,3774.235
706,GEO,2015,3771.132
707,GEO,2016,3771.11
708,GEO,2017,3771.9
709,GEO,2018,3772.325
710,GEO,2019,3770.8105
711,GEO,2020,3765.912
712,GEO,2021,3757.98
713,GEO,2022,3744.3855
714,GEO,2023,3728.282
715,DEU,2013,81680.5915
716,DEU,2014,81858.825
717,DEU,2015,82073.226
718,DEU,2016,82331.4225
719,DEU,2017,82624.374
720,DEU,2018,82896.6955
721,DEU,2019,83148.141
722,DEU,2020,83328.9875
723,DEU,2021,83408.5545
724,DEU,2022,83369.843
725,DEU,2023,83294.6325
726,GHA,2013,27525.597
727,GHA,2014,28196.3585
728,GHA,2015,28870.939
729,GHA,2016,29554.3025
730,GHA,2017,30222.2615
731,GHA,2018,30870.6405
732,GHA,2019,31522.29
733,GHA,2020,32180.4015
734,GHA,2021,32833.0315
735,GHA,2022,33475.8705
736,GHA,2023,34121.985
737,GRC,2013,10914.5055
738,GRC,2014,10862.9685
739,GRC,2015,10806.641
740,GRC,2016,10749.742
741,GRC,2017,10692.2285
742,GRC,2018,10633.2705
743,GRC,2019,10574.024
744,GRC,2020,10512.232
745,GRC,2021,10445.365
746,GRC,2022,10384.971
747,GRC,2023,10341.277
748,GRD,2013,116.9445
749,GRD,2014,117.9725
750,GRD,2015,118.9795
751,GRD,2016,119.966
752,GRD,2017,120.9205
753,GRD,2018,121.838
754,GRD,2019,122.7235
755,GRD,2020,123.663
756,GRD,2021,124.61
757,GRD,2022,125.4375
758,GRD,2023,126.1835
759,GTM,2013,15422.6615
760,GTM,2014,15713.74
761,GTM,2015,16001.107
762,GTM,2016,16291.0035
763,GTM,2017,16578.723
764,GTM,2018,16850.1755
765,GTM,2019,17106.3375
766,GTM,2020,17362.7185
767,GTM,2021,17608.4835
768,GTM,2022,17843.908
769,GTM,2023,18092.026
770,GIN,2013,11055.43
771,GIN,2014,11333.3655
772,GIN,2015,11625.9985
773,GIN,2016,11930.985
774,GIN,2017,12240.7885
775,GIN,2018,12554.8645
776,GIN,2019,12877.5385
777,GIN,2020,13205.1525
778,GIN,2021,13531.906
779,GIN,2022,13859.3405
780,GIN,2023,14190.612
781,GNB,2013,1697.7525
782,GNB,2014,1743.309
783,GNB,2015,1788.919
784,GNB,2016,1834.5515
785,GNB,2017,1879.8265
786,GNB,2018,1924.9545
787,GNB,2019,1970.4565
788,GNB,2020,2015.828
789,GNB,2021,2060.721
790,GNB,2022,2105.5655
791,GNB,2023,2150.842
792,GUY,2013,747.4205
793,GUY,2014,751.115
794,GUY,2015,755.031
795,GUY,2016,759.087
796,GUY,2017,763.252
797,GUY,2018,785.514
798,GUY,2019,798.753
799,GUY,2020,797.202
800,GUY,2021,804.567
801,GUY,2022,808.7255
802,GUY,2023,813.834
803,HTI,2013,10261.206
804,HTI,2014,10412.74
805,HTI,2015,10563.757
806,HTI,2016,10713.8485
807,HTI,2017,10863.5435
808,HTI,2018,11012.421
809,HTI,2019,11160.438
810,HTI,2020,11306.8015
811,HTI,2021,11447.569
812,HTI,2022,11584.9955
813,HTI,2023,11724.7635
814,HND,2013,8960.657
815,HND,2014,9127.8465
816,HND,2015,9294.5055
817,HND,2016,9460.7975
818,HND,2017,9626.842
819,HND,2018,9792.85
820,HND,2019,9958.829
821,HND,2020,10121.763
822,HND,2021,10278.3455
823,HND,2022,10432.8595
824,HND,2023,10593.798
825,HUN,2013,9894.6395
826,HUN,2014,9867.901
827,HUN,2015,9844.246
828,HUN,2016,9815.1045
829,HUN,2017,9788.941
830,HUN,2018,9776.3575
831,HUN,2019,9771.7955
832,HUN,2020,9750.5725
833,HUN,2021,9709.786
834,HUN,2022,9967.3075
835,HUN,2023,10156.239
836,ISL,2013,324.0245
837,ISL,2014,327.6435
838,ISL,2015,331.0595
839,ISL,2016,335.6745
840,ISL,2017,343.632
841,ISL,2018,352.946
842,ISL,2019,360.7745
843,ISL,2020,366.669
844,ISL,2021,370.335
845,ISL,2022,372.8985
846,ISL,2023,375.3185
847,IND,2013,1291132.0635
848,IND,2014,1307246.509
849,IND,2015,1322866.5045
850,IND,2016,1338636.3395
851,IND,2017,1354195.6795
852,IND,2018,1369003.3065
853,IND,2019,1383112.0505
854,IND,2020,1396387.127
855,IND,2021,1407563.842
856,IND,2022,1417173.1725
857,IND,2023,1428627.663
858,IDN,2013,253275.918
859,IDN,2014,256229.7615
860,IDN,2015,259091.9695
861,IDN,2016,261850.182
862,IDN,2017,264498.8525
863,IDN,2018,267066.8425
864,IDN,2019,269582.878
865,IDN,2020,271857.9705
866,IDN,2021,273753.191
867,IDN,2022,275501.339
868,IDN,2023,277534.1225
869,IRN,2013,78458.9275
870,IRN,2014,79961.672
871,IRN,2015,81790.8405
872,IRN,2016,83306.2305
873,IRN,2017,84505.0765
874,IRN,2018,85617.562
875,IRN,2019,86564.202
876,IRN,2020,87290.1925
877,IRN,2021,87923.4325
878,IRN,2022,88550.57
879,IRN,2023,89172.767
880,IRQ,2013,35481.7995
881,IRQ,2014,36746.488
882,IRQ,2015,37757.8125
883,IRQ,2016,38697.943
884,IRQ,2017,39621.1615
885,IRQ,2018,40590.6995
886,IRQ,2019,41563.5205
887,IRQ,2020,42556.9835
888,IRQ,2021,43533.5925
889,IRQ,2022,44496.1215
890,IRQ,2023,45504.56
891,IRL,2013,4588.832
892,IRL,2014,4622.1675
893,IRL,2015,4665.76
894,IRL,2016,4715.7875
895,IRL,2017,4771.8535
896,IRL,2018,4834.507
897,IRL,2019,4896.019
898,IRL,2020,4946.119
899,IRL,2021,4986.526
900,IRL,2022,5023.1085
901,IRL,2023,5056.9345
902,ISR,2013,7726.676
903,ISR,2014,7863.8465
904,ISR,2015,8007.778
905,ISR,2016,8159.009
906,ISR,2017,8309.257
907,ISR,2018,8456.483
908,ISR,2019,8607.9195
909,ISR,2020,8757.4895
910,ISR,2021,8900.059
911,ISR,2022,9038.309
912,ISR,2023,9174.5195
913,ITA,2013,60312.5995
914,ITA,2014,60322.7915
915,ITA,2015,60232.906
916,ITA,2016,60118.6265
917,ITA,2017,60004.032
918,ITA,2018,59877.4255
919,ITA,2019,59727.932
920,ITA,2020,59500.5785
921,ITA,2021,59240.3295
922,ITA,2022,59037.474
923,ITA,2023,58870.7625
924,JAM,2013,2773.129
925,JAM,2014,2784.543
926,JAM,2015,2794.4445
927,JAM,2016,2802.6955
928,JAM,2017,2808.3755
929,JAM,2018,2811.835
930,JAM,2019,2813.773
931,JAM,2020,2820.4355
932,JAM,2021,2827.6945
933,JAM,2022,2827.377
934,JAM,2023,2825.5435
935,JPN,2013,127678.924
936,JPN,2014,127476.735
937,JPN,2015,127250.933
938,JPN,2016,126993.8575
939,JPN,2017,126662.472
940,JPN,2018,126255.866
941,JPN,2019,125791.6765
942,JPN,2020,125244.7605
943,JPN,2021,124612.5305
944,JPN,2022,123951.692
945,JPN,2023,123294.513
946,JOR,2013,7694.814
947,JOR,2014,8658.026
948,JOR,2015,9494.2465
949,JOR,2016,9964.6555
950,JOR,2017,10215.3815
951,JOR,2018,10459.8655
952,JOR,2019,10698.6835
953,JOR,2020,10928.721
954,JOR,2021,11148.2775
955,JOR,2022,11285.8685
956,JOR,2023,11337.0525
957,KAZ,2013,17345.7315
958,KAZ,2014,17592.2975
959,KAZ,2015,17835.9085
960,KAZ,2016,18078.5525
961,KAZ,2017,18314.814
962,KAZ,2018,18538.099
963,KAZ,2019,18754.258
964,KAZ,2020,18979.243
965,KAZ,2021,19196.4655
966,KAZ,2022,19397.998
967,KAZ,2023,19606.6335
968,KEN,2013,44792.368
969,KEN,2014,45831.8635
970,KEN,2015,46851.4885
971,KEN,2016,47894.67
972,KEN,2017,48948.137
973,KEN,2018,49953.304
974,KEN,2019,50951.45
975,KEN,2020,51985.78
976,KEN,2021,53005.614
977,KEN,2022,54027.487
978,KEN,2023,55100.5865
979,KIR,2013,113.311
980,KIR,2014,114.985
981,KIR,2015,116.7065
982,KIR,2016,118.513
983,KIR,2017,120.3625
984,KIR,2018,122.2615
985,KIR,2019,124.241
986,KIR,2020,126.4635
987,KIR,2021,128.874
988,KIR,2022,131.2315
989,KIR,2023,133.515
990,XKX,2013,1805.6745
991,XKX,2014,1777.809
992,XKX,2015,1759.122
993,XKX,2016,1750.723
994,XKX,2017,1731.6655
995,XKX,2018,1709.962
996,XKX,2019,1686.859
997,XKX,2020,1670.6985
998,XKX,2021,1662.0095
999,XKX,2022,1659.7135
1000,XKX,2023,1663.5945
1001,KWT,2013,3646.518
1002,KWT,2014,3761.5835
1003,KWT,2015,3908.743
1004,KWT,2016,4048.085
1005,KWT,2017,4124.9045
1006,KWT,2018,4317.1855
1007,KWT,2019,4441.0995
1008,KWT,2020,4360.4445
1009,KWT,2021,4250.114
1010,KWT,2022,4268.873
1011,KWT,2023,4310.1075
1012,KGZ,2013,5719.56
1013,KGZ,2014,5814.4175
1014,KGZ,2015,5914.9805
1015,KGZ,2016,6018.299
1016,KGZ,2017,6121.2605
1017,KGZ,2018,6223.4945
1018,KGZ,2019,6323.643
1019,KGZ,2020,6424.874
1020,KGZ,2021,6527.7435
1021,KGZ,2022,6630.623
1022,KGZ,2023,6735.3475
1023,LAO,2013,6600.7415
1024,LAO,2014,6691.454
1025,LAO,2015,6787.419
1026,LAO,2016,6891.3625
1027,LAO,2017,6997.917
1028,LAO,2018,7105.0055
1029,LAO,2019,7212.053
1030,LAO,2020,7319.399
1031,LAO,2021,7425.0575
1032,LAO,2022,7529.475
1033,LAO,2023,7633.7785
1034,LVA,2013,2031.4865
1035,LVA,2014,2011.039
1036,LVA,2015,1991.9545
1037,LVA,2016,1973.476
1038,LVA,2017,1954.8625
1039,LVA,2018,1935.6305
1040,LVA,2019,1916.5555
1041,LVA,2020,1897.052
1042,LVA,2021,1873.919
1043,LVA,2022,1850.651
1044,LVA,2023,1830.2115
1045,LBN,2013,5678.8515
1046,LBN,2014,6274.3425
1047,LBN,2015,6398.9395
1048,LBN,2016,6258.6195
1049,LBN,2017,6109.2515
1050,LBN,2018,5950.839
1051,LBN,2019,5781.9065
1052,LBN,2020,5662.9235
1053,LBN,2021,5592.631
1054,LBN,2022,5489.7395
1055,LBN,2023,5353.9295
1056,LSO,2013,2073.9385
1057,LSO,2014,2095.2425
1058,LSO,2015,2118.5205
1059,LSO,2016,2143.872
1060,LSO,2017,2170.617
1061,LSO,2018,2198.017
1062,LSO,2019,2225.7015
1063,LSO,2020,2254.1
1064,LSO,2021,2281.4545
1065,LSO,2022,2305.8255
1066,LSO,2023,2330.3175
1067,LBR,2013,4427.3125
1068,LBR,2014,4519.398
1069,LBR,2015,4612.329
1070,LBR,2016,4706.0975
1071,LBR,2017,4796.631
1072,LBR,2018,4889.391
1073,LBR,2019,4985.289
1074,LBR,2020,5087.5845
1075,LBR,2021,5193.4155
1076,LBR,2022,5302.681
1077,LBR,2023,5418.3765
1078,LBY,2013,5985.221
1079,LBY,2014,6097.764
1080,LBY,2015,6192.235
1081,LBY,2016,6282.196
1082,LBY,2017,6378.2615
1083,LBY,2018,6477.793
1084,LBY,2019,6569.088
1085,LBY,2020,6653.942
1086,LBY,2021,6735.277
1087,LBY,2022,6812.341
1088,LBY,2023,6888.388
1089,LIE,2013,36.8055
1090,LIE,2014,37.0965
1091,LIE,2015,37.355
1092,LIE,2016,37.6095
1093,LIE,2017,37.8885
1094,LIE,2018,38.181
1095,LIE,2019,38.482
1096,LIE,2020,38.756
1097,LIE,2021,39.0395
1098,LIE,2022,39.327
1099,LIE,2023,39.5845
1100,LTU,2013,3028.1895
1101,LTU,2014,2994.9275
1102,LTU,2015,2963.7645
1103,LTU,2016,2933.6735
1104,LTU,2017,2904.45
1105,LTU,2018,2876.1275
1106,LTU,2019,2849.083
1107,LTU,2020,2820.2665
1108,LTU,2021,2786.6505
1109,LTU,2022,2750.055
1110,LTU,2023,2718.3515
1111,LUX,2013,543.0655
1112,LUX,2014,556.0695
1113,LUX,2015,569.4075
1114,LUX,2016,583.351
1115,LUX,2017,596.2825
1116,LUX,2018,607.913
1117,LUX,2019,619.973
1118,LUX,2020,630.3995
1119,LUX,2021,639.321
1120,LUX,2022,647.599
1121,LUX,2023,654.7675
1122,MDG,2013,23588.0735
1123,MDG,2014,24215.9755
1124,MDG,2015,24850.9125
1125,MDG,2016,25501.9405
1126,MDG,2017,26169.542
1127,MDG,2018,26846.541
1128,MDG,2019,27533.134
1129,MDG,2020,28225.1765
1130,MDG,2021,28915.6525
1131,MDG,2022,29611.714
1132,MDG,2023,30325.732
1133,MWI,2013,16024.7755
1134,MWI,2014,16477.9665
1135,MWI,2015,16938.9415
1136,MWI,2016,17405.6235
1137,MWI,2017,17881.167
1138,MWI,2018,18367.883
1139,MWI,2019,18867.3365
1140,MWI,2020,19377.0615
1141,MWI,2021,19889.742
1142,MWI,2022,20405.3165
1143,MWI,2023,20931.751
1144,MYS,2013,30134.8075
1145,MYS,2014,30606.4585
1146,MYS,2015,31068.8325
1147,MYS,2016,31526.418
1148,MYS,2017,31975.806
1149,MYS,2018,32399.2715
1150,MYS,2019,32804.0195
1151,MYS,2020,33199.993
1152,MYS,2021,33573.8735
1153,MYS,2022,33938.2215
1154,MYS,2023,34308.525
1155,MDV,2013,400.728
1156,MDV,2014,416.738
1157,MDV,2015,435.582
1158,MDV,2016,454.2525
1159,MDV,2017,472.442
1160,MDV,2018,489.758
1161,MDV,2019,504.508
1162,MDV,2020,514.438
1163,MDV,2021,521.4575
1164,MDV,2022,523.787
1165,MDV,2023,521.0215
1166,MLI,2013,17004.0325
1167,MLI,2014,17551.814
1168,MLI,2015,18112.9065
1169,MLI,2016,18700.106
1170,MLI,2017,19311.3545
1171,MLI,2018,19934.298
1172,MLI,2019,20567.424
1173,MLI,2020,21224.04
1174,MLI,2021,21904.983
1175,MLI,2022,22593.5905
1176,MLI,2023,23293.6985
1177,MLT,2013,437.525
1178,MLT,2014,446.441
1179,MLT,2015,456.5785
1180,MLT,2016,467.705
1181,MLT,2017,479.497
1182,MLT,2018,491.586
1183,MLT,2019,503.6345
1184,MLT,2020,515.358
1185,MLT,2021,526.748
1186,MLT,2022,533.286
1187,MLT,2023,535.0645
1188,MHL,2013,51.3525
1189,MHL,2014,50.4185
1190,MHL,2015,49.4095
1191,MHL,2016,48.329
1192,MHL,2017,47.1865
1193,MHL,2018,45.989
1194,MHL,2019,44.7285
1195,MHL,2020,43.4135
1196,MHL,2021,42.05
1197,MHL,2022,41.569
1198,MHL,2023,41.996
1199,MRT,2013,3742.959
1200,MRT,2014,3843.174
1201,MRT,2015,3946.2195
1202,MRT,2016,4051.8905
1203,MRT,2017,4160.0145
1204,MRT,2018,4270.7115
1205,MRT,2019,4383.8485
1206,MRT,2020,4498.6035
1207,MRT,2021,4614.974
1208,MRT,2022,4736.139
1209,MRT,2023,4862.9885
1210,MUS,2013,1290.6915
1211,MUS,2014,1292.1135
1212,MUS,2015,1293.153
1213,MUS,2016,1293.911
1214,MUS,2017,1294.7405
1215,MUS,2018,1295.3815
1216,MUS,2019,1296.279
1217,MUS,2020,1297.8275
1218,MUS,2021,1298.9145
1219,MUS,2022,1299.469
1220,MUS,2023,1300.557
1221,MEX,2013,117290.6855
1222,MEX,2014,118755.8875
1223,MEX,2015,120149.897
1224,MEX,2016,121519.2215
1225,MEX,2017,122839.2575
1226,MEX,2018,124013.8615
1227,MEX,2019,125085.3105
1228,MEX,2020,125998.3015
1229,MEX,2021,126705.138
1230,MEX,2022,127504.1255
1231,MEX,2023,128455.5665
1232,FSM,2013,108.6095
1233,FSM,2014,109.024
1234,FSM,2015,109.4615
1235,FSM,2016,109.9255
1236,FSM,2017,110.4305
1237,FSM,2018,110.929
1238,FSM,2019,111.3785
1239,FSM,2020,112.1065
1240,FSM,2021,113.131
1241,FSM,2022,114.164
1242,FSM,2023,115.224
1243,MCO,2013,35.4255
1244,MCO,2014,36.11
1245,MCO,2015,36.76
1246,MCO,2016,37.0705
1247,MCO,2017,37.0445
1248,MCO,2018,37.029
1249,MCO,2019,37.034
1250,MCO,2020,36.922
1251,MCO,2021,36.686
1252,MCO,2022,36.469
1253,MCO,2023,36.2975
1254,MNG,2013,2845.1535
1255,MNG,2014,2902.8225
1256,MNG,2015,2964.7485
1257,MNG,2016,3029.5545
1258,MNG,2017,3096.0295
1259,MNG,2018,3163.991
1260,MNG,2019,3232.4295
1261,MNG,2020,3294.335
1262,MNG,2021,3347.7825
1263,MNG,2022,3398.366
1264,MNG,2023,3447.1565
1265,MNE,2013,633.9455
1266,MNE,2014,634.2945
1267,MNE,2015,633.9665
1268,MNE,2016,633.2635
1269,MNE,2017,632.438
1270,MNE,2018,631.4545
1271,MNE,2019,630.396
1272,MNE,2020,629.0475
1273,MNE,2021,627.8585
1274,MNE,2022,627.0825
1275,MNE,2023,626.4845
1276,MAR,2013,33803.5275
1277,MAR,2014,34248.6035
1278,MAR,2015,34680.458
1279,MAR,2016,35107.2635
1280,MAR,2017,35528.1145
1281,MAR,2018,35927.511
1282,MAR,2019,36304.4075
1283,MAR,2020,36688.7715
1284,MAR,2021,37076.5845
1285,MAR,2022,37457.9705
1286,MAR,2023,37840.044
1287,MOZ,2013,25251.731
1288,MOZ,2014,26038.7045
1289,MOZ,2015,26843.2455
1290,MOZ,2016,27696.4925
1291,MOZ,2017,28569.441
1292,MOZ,2018,29423.8785
1293,MOZ,2019,30285.595
1294,MOZ,2020,31178.239
1295,MOZ,2021,32077.072
1296,MOZ,2022,32969.5185
1297,MOZ,2023,33897.354
1298,MMR,2013,50648.3335
1299,MMR,2014,51072.436
1300,MMR,2015,51483.949
1301,MMR,2016,51892.3485
1302,MMR,2017,52288.341
1303,MMR,2018,52666.014
1304,MMR,2019,53040.212
1305,MMR,2020,53423.198
1306,MMR,2021,53798.0845
1307,MMR,2022,54179.306
1308,MMR,2023,54577.997
1309,NAM,2013,2204.51
1310,NAM,2014,2243.001
1311,NAM,2015,2282.704
1312,NAM,2016,2323.352
1313,NAM,2017,2364.5335
1314,NAM,2018,2405.6805
1315,NAM,2019,2446.6445
1316,NAM,2020,2489.098
1317,NAM,2021,2530.1505
1318,NAM,2022,2567.0125
1319,NAM,2023,2604.172
1320,NRU,2013,10.6935
1321,NRU,2014,10.9395
1322,NRU,2015,11.1855
1323,NRU,2016,11.4365
1324,NRU,2017,11.6825
1325,NRU,2018,11.924
1326,NRU,2019,12.1315
1327,NRU,2020,12.315
1328,NRU,2021,12.5115
1329,NRU,2022,12.668
1330,NRU,2023,12.78
1331,NPL,2013,27381.555
1332,NPL,2014,27462.106
1333,NPL,2015,27610.3255
1334,NPL,2016,27861.186
1335,NPL,2017,28183.4255
1336,NPL,2018,28506.712
1337,NPL,2019,28832.4955
1338,NPL,2020,29348.6275
1339,NPL,2021,30034.9895
1340,NPL,2022,30547.58
1341,NPL,2023,30896.59
1342,NLD,2013,16867.352
1343,NLD,2014,16954.081
1344,NLD,2015,17041.1075
1345,NLD,2016,17124.505
1346,NLD,2017,17207.198
1347,NLD,2018,17286.0425
1348,NLD,2019,17363.2615
1349,NLD,2020,17434.5575
1350,NLD,2021,17501.6955
1351,NLD,2022,17564.014
1352,NLD,2023,17618.2985
1353,NZL,2013,4450.644
1354,NZL,2014,4514.195
1355,NZL,2015,4590.59
1356,NZL,2016,4668.081
1357,NZL,2017,4746.2515
1358,NZL,2018,4838.526
1359,NZL,2019,4959.034
1360,NZL,2020,5061.1335
1361,NZL,2021,5129.7275
1362,NZL,2022,5185.2885
1363,NZL,2023,5228.0995
1364,NIC,2013,6119.379
1365,NIC,2014,6208.6755
1366,NIC,2015,6298.598
1367,NIC,2016,6389.235
1368,NIC,2017,6480.5315
1369,NIC,2018,6572.2325
1370,NIC,2019,6663.924
1371,NIC,2020,6755.8955
1372,NIC,2021,6850.54
1373,NIC,2022,6948.392
1374,NIC,2023,7046.3105
1375,NER,2013,18653.199
1376,NER,2014,19372.014
1377,NER,2015,20128.124
1378,NER,2016,20921.743
1379,NER,2017,21737.922
1380,NER,2018,22577.058
1381,NER,2019,23443.393
1382,NER,2020,24333.6385
1383,NER,2021,25252.722
1384,NER,2022,26207.9765
1385,NER,2023,27202.843
1386,NGA,2013,174726.1235
1387,NGA,2014,179379.0165
1388,NGA,2015,183995.7845
1389,NGA,2016,188666.931
1390,NGA,2017,193495.9065
1391,NGA,2018,198387.6235
1392,NGA,2019,203304.4915
1393,NGA,2020,208327.4045
1394,NGA,2021,213401.3225
1395,NGA,2022,218541.2115
1396,NGA,2023,223804.632
1397,MKD,2013,2102.2155
1398,MKD,2014,2105.291
1399,MKD,2015,2107.962
1400,MKD,2016,2110.196
1401,MKD,2017,2111.9785
1402,MKD,2018,2113.491
1403,MKD,2019,2114.176
1404,MKD,2020,2111.0715
1405,MKD,2021,2103.33
1406,MKD,2022,2093.5985
1407,MKD,2023,2085.679
1408,NOR,2013,5080.6685
1409,NOR,2014,5137.9235
1410,NOR,2015,5190.3565
1411,NOR,2016,5236.5895
1412,NOR,2017,5277.3925
1413,NOR,2018,5312.32
1414,NOR,2019,5348.2785
1415,NOR,2020,5379.839
1416,NOR,2021,5403.021
1417,NOR,2022,5434.319
1418,NOR,2023,5474.36
1419,OMN,2013,3816.68
1420,OMN,2014,4009.2675
1421,OMN,2015,4191.7765
1422,OMN,2016,4398.07
1423,OMN,2017,4541.854
1424,OMN,2018,4601.1565
1425,OMN,2019,4602.768
1426,OMN,2020,4543.3985
1427,OMN,2021,4520.471
1428,OMN,2022,4576.298
1429,OMN,2023,4644.384
1430,PAK,2013,205337.562
1431,PAK,2014,208251.6275
1432,PAK,2015,210969.298
1433,PAK,2016,213524.8395
1434,PAK,2017,216379.655
1435,PAK,2018,219731.4795
1436,PAK,2019,223293.2795
1437,PAK,2020,227196.7405
1438,PAK,2021,231402.1165
1439,PAK,2022,235824.8625
1440,PAK,2023,240485.6575
1441,PLW,2013,17.8055
1442,PLW,2014,17.796
1443,PLW,2015,17.794
1444,PLW,2016,17.816
1445,PLW,2017,17.8365
1446,PLW,2018,17.8645
1447,PLW,2019,17.9165
1448,PLW,2020,17.972
1449,PLW,2021,18.024
1450,PLW,2022,18.0545
1451,PLW,2023,18.0575
1452,PAN,2013,3821.556
1453,PAN,2014,3888.7925
1454,PAN,2015,3957.0985
1455,PAN,2016,4026.3365
1456,PAN,2017,4096.063
1457,PAN,2018,4165.2545
1458,PAN,2019,4232.532
1459,PAN,2020,4294.3965
1460,PAN,2021,4351.267
1461,PAN,2022,4408.5805
1462,PAN,2023,4468.0865
1463,PNG,2013,8245.627
1464,PNG,2014,8464.153
1465,PNG,2015,8682.174
1466,PNG,2016,8899.1695
1467,PNG,2017,9114.796
1468,PNG,2018,9329.227
1469,PNG,2019,9542.4855
1470,PNG,2020,9749.64
1471,PNG,2021,9949.437
1472,PNG,2022,10142.6185
1473,PNG,2023,10329.9305
1474,PRY,2013,6005.652
1475,PRY,2014,6090.721
1476,PRY,2015,6177.95
1477,PRY,2016,6266.6155
1478,PRY,2017,6355.404
1479,PRY,2018,6443.328
1480,PRY,2019,6530.0265
1481,PRY,2020,6618.695
1482,PRY,2021,6703.799
1483,PRY,2022,6780.744
1484,PRY,2023,6861.5235
1485,PER,2013,30038.809
1486,PER,2014,30353.9515
1487,PER,2015,30711.863
1488,PER,2016,31132.7785
1489,PER,2017,31605.4865
1490,PER,2018,32203.944
1491,PER,2019,32824.8605
1492,PER,2020,33304.756
1493,PER,2021,33715.4715
1494,PER,2022,34049.5885
1495,PER,2023,34352.7185
1496,PHL,2013,99700.1075
1497,PHL,2014,101325.2005
1498,PHL,2015,103031.365
1499,PHL,2016,104875.2665
1500,PHL,2017,106738.5015
1501,PHL,2018,108568.836
1502,PHL,2019,110380.8045
1503,PHL,2020,112190.9775
1504,PHL,2021,113880.328
1505,PHL,2022,115559.009
1506,PHL,2023,117337.368
1507,POL,2013,38607.3525
1508,POL,2014,38581.8725
1509,POL,2015,38553.146
1510,POL,2016,38532.1125
1511,POL,2017,38532.812
1512,POL,2018,38521.4565
1513,POL,2019,38493.601
1514,POL,2020,38428.3665
1515,POL,2021,38307.7255
1516,POL,2022,39857.1455
1517,POL,2023,41026.0675
1518,PRT,2013,10464.535
1519,PRT,2014,10408.372
1520,PRT,2015,10365.4355
1521,PRT,2016,10332.753
1522,PRT,2017,10307.53
1523,PRT,2018,10289.835
1524,PRT,2019,10289.923
1525,PRT,2020,10298.1915
1526,PRT,2021,10290.103
1527,PRT,2022,10270.865
1528,PRT,2023,10247.605
1529,QAT,2013,2035.5005
1530,QAT,2014,2214.4645
1531,QAT,2015,2414.5725
1532,QAT,2016,2595.166
1533,QAT,2017,2711.7545
1534,QAT,2018,2766.732
1535,QAT,2019,2807.235
1536,QAT,2020,2760.385
1537,QAT,2021,2688.235
1538,QAT,2022,2695.122
1539,QAT,2023,2716.391
1540,KOR,2013,50098.229
1541,KOR,2014,50558.0425
1542,KOR,2015,50994.401
1543,KOR,2016,51309.984
1544,KOR,2017,51511.6385
1545,KOR,2018,51676.9
1546,KOR,2019,51803.8295
1547,KOR,2020,51844.6905
1548,KOR,2021,51830.139
1549,KOR,2022,51815.8095
1550,KOR,2023,51784.059
1551,MDA,2013,3416.5305
1552,MDA,2014,3338.3365
1553,MDA,2015,3277.388
1554,MDA,2016,3225.123
1555,MDA,2017,3180.506
1556,MDA,2018,3141.837
1557,MDA,2019,3109.491
1558,MDA,2020,3084.847
1559,MDA,2021,3061.5065
1560,MDA,2022,3272.996
1561,MDA,2023,3435.931
1562,ROU,2013,20066.546
1563,ROU,2014,19995.8355
1564,ROU,2015,19906.079
1565,ROU,2016,19797.82
1566,ROU,2017,19698.853
1567,ROU,2018,19606.783
1568,ROU,2019,19524.211
1569,ROU,2020,19442.0385
1570,ROU,2021,19328.56
1571,ROU,2022,19659.2665
1572,ROU,2023,19892.812
1573,RUS,2013,143956.866
1574,RUS,2014,144285.07
1575,RUS,2015,144668.3895
1576,RUS,2016,145109.1565
1577,RUS,2017,145452.536
1578,RUS,2018,145652.2925
1579,RUS,2019,145742.2865
1580,RUS,2020,145617.3285
1581,RUS,2021,145102.755
1582,RUS,2022,144713.314
1583,RUS,2023,144444.359
1584,RWA,2013,11101.3495
1585,RWA,2014,11368.4515
1586,RWA,2015,11642.959
1587,RWA,2016,11930.8995
1588,RWA,2017,12230.339
1589,RWA,2018,12531.8075
1590,RWA,2019,12835.028
1591,RWA,2020,13146.3615
1592,RWA,2021,13461.8875
1593,RWA,2022,13776.6975
1594,RWA,2023,14094.683
1595,KNA,2013,47.7665
1596,KNA,2014,47.7895
1597,KNA,2015,47.79
1598,KNA,2016,47.7875
1599,KNA,2017,47.7855
1600,KNA,2018,47.761
1601,KNA,2019,47.7115
1602,KNA,2020,47.6425
1603,KNA,2021,47.6065
1604,KNA,2022,47.6575
1605,KNA,2023,47.755
1606,LCA,2013,173.9785
1607,LCA,2014,174.8035
1608,LCA,2015,175.623
1609,LCA,2016,176.4135
1610,LCA,2017,177.1635
1611,LCA,2018,177.888
1612,LCA,2019,178.5835
1613,LCA,2020,179.2365
1614,LCA,2021,179.6515
1615,LCA,2022,179.8575
1616,LCA,2023,180.251
1617,VCT,2013,107.45
1618,VCT,2014,106.912
1619,VCT,2015,106.482
1620,VCT,2016,105.9625
1621,VCT,2017,105.5485
1622,VCT,2018,105.2805
1623,VCT,2019,104.9235
1624,VCT,2020,104.6325
1625,VCT,2021,104.332
1626,VCT,2022,103.9475
1627,VCT,2023,103.6985
1628,WSM,2013,199.939
1629,WSM,2014,201.757
1630,WSM,2015,203.5705
1631,WSM,2016,205.544
1632,WSM,2017,207.6295
1633,WSM,2018,209.701
1634,WSM,2019,211.9055
1635,WSM,2020,214.9295
1636,WSM,2021,218.764
1637,WSM,2022,222.382
1638,WSM,2023,225.681
1639,SMR,2013,33.2845
1640,SMR,2014,33.3895
1641,SMR,2015,33.57
1642,SMR,2016,33.834
1643,SMR,2017,34.0565
1644,SMR,2018,34.156
1645,SMR,2019,34.1775
1646,SMR,2020,34.007
1647,SMR,2021,33.7455
1648,SMR,2022,33.6605
1649,SMR,2023,33.642
1650,STP,2013,193.757
1651,STP,2014,197.497
1652,STP,2015,201.1235
1653,STP,2016,204.6325
1654,STP,2017,208.0365
1655,STP,2018,211.344
1656,STP,2019,214.599
1657,STP,2020,218.641
1658,STP,2021,223.1075
1659,STP,2022,227.3795
1660,STP,2023,231.8555
1661,SAU,2013,31482.4975
1662,SAU,2014,32125.564
1663,SAU,2015,32749.848
1664,SAU,2016,33416.2695
1665,SAU,2017,34193.1215
1666,SAU,2018,35018.133
1667,SAU,2019,35827.362
1668,SAU,2020,35997.1065
1669,SAU,2021,35950.396
1670,SAU,2022,36408.82
1671,SAU,2023,36947.025
1672,SEN,2013,13595.5655
1673,SEN,2014,13970.3075
1674,SEN,2015,14356.1805
1675,SEN,2016,14751.3565
1676,SEN,2017,15157.793
1677,SEN,2018,15574.909
1678,SEN,2019,16000.7815
1679,SEN,2020,16436.12
1680,SEN,2021,16876.72
1681,SEN,2022,17316.449
1682,SEN,2023,17763.163
1683,SRB,2013,7566.6755
1684,SRB,2014,7543.96
1685,SRB,2015,7519.496
1686,SRB,2016,7493.288
1687,SRB,2017,7464.88
1688,SRB,2018,7433.818
1689,SRB,2019,7401.0555
1690,SRB,2020,7358.0045
1691,SRB,2021,7296.7685
1692,SRB,2022,7221.3655
1693,SRB,2023,7149.0765
1694,SYC,2013,96.714
1695,SYC,2014,98.001
1696,SYC,2015,99.24
1697,SYC,2016,100.5085
1698,SYC,2017,101.8105
1699,SYC,2018,103.101
1700,SYC,2019,104.3725
1701,SYC,2020,105.53
1702,SYC,2021,106.4705
1703,SYC,2022,107.1185
1704,SYC,2023,107.66
1705,SLE,2013,6964.8585
1706,SLE,2014,7140.688
1707,SLE,2015,7314.773
1708,SLE,2016,7493.913
1709,SLE,2017,7677.5655
1710,SLE,2018,7861.281
1711,SLE,2019,8046.8285
1712,SLE,2020,8233.9705
1713,SLE,2021,8420.641
1714,SLE,2022,8605.718
1715,SLE,2023,8791.092
1716,SGP,2013,5478.0545
1717,SGP,2014,5570.5015
1718,SGP,2015,5650.018
1719,SGP,2016,5711.933
1720,SGP,2017,5764.487
1721,SGP,2018,5814.5365
1722,SGP,2019,5866.405
1723,SGP,2020,5909.8695
1724,SGP,2021,5941.0605
1725,SGP,2022,5975.6885
1726,SGP,2023,6014.723
1727,SVK,2013,5414.739
1728,SVK,2014,5419.569
1729,SVK,2015,5424.4445
1730,SVK,2016,5431.2035
1731,SVK,2017,5439.4165
1732,SVK,2018,5446.7455
1733,SVK,2019,5453.924
1734,SVK,2020,5456.6805
1735,SVK,2021,5447.622
1736,SVK,2022,5643.453
1737,SVK,2023,5795.199
1738,SVN,2013,2072.3745
1739,SVN,2014,2074.917
1740,SVN,2015,2080.862
1741,SVN,2016,2090.02
1742,SVN,2017,2098.392
1743,SVN,2018,2105.924
1744,SVN,2019,2112.9015
1745,SVN,2020,2117.641
1746,SVN,2021,2119.4095
1747,SVN,2022,2119.844
1748,SVN,2023,2119.6745
1749,SLB,2013,582.365
1750,SLB,2014,597.3755
1751,SLB,2015,612.66
1752,SLB,2016,628.102
1753,SLB,2017,643.634
1754,SLB,2018,659.249
1755,SLB,2019,674.993
1756,SLB,2020,691.1905
1757,SLB,2021,707.851
1758,SLB,2022,724.2725
1759,SLB,2023,740.4245
1760,SOM,2013,12852.485
1761,SOM,2014,13309.235
1762,SOM,2015,13763.9065
1763,SOM,2016,14292.847
1764,SOM,2017,14864.221
1765,SOM,2018,15411.0935
1766,SOM,2019,15981.3005
1767,SOM,2020,16537.0155
1768,SOM,2021,17065.581
1769,SOM,2022,17597.511
1770,SOM,2023,18143.3785
1771,ZAF,2013,53873.616
1772,ZAF,2014,54729.551
1773,ZAF,2015,55876.504
1774,ZAF,2016,56422.2735
1775,ZAF,2017,56641.2095
1776,ZAF,2018,57339.635
1777,ZAF,2019,58087.055
1778,ZAF,2020,58801.9265
1779,ZAF,2021,59392.255
1780,ZAF,2022,59893.8855
1781,ZAF,2023,60414.4945
1782,SSD,2013,11106.031
1783,SSD,2014,11213.2845
1784,SSD,2015,11194.2995
1785,SSD,2016,11066.105
1786,SSD,2017,10658.2255
1787,SSD,2018,10395.3295
1788,SSD,2019,10447.666
1789,SSD,2020,10606.227
1790,SSD,2021,10748.2725
1791,SSD,2022,10913.1635
1792,SSD,2023,11088.796
1793,ESP,2013,46603.459
1794,ESP,2014,46464.551
1795,ESP,2015,46431.342
1796,ESP,2016,46473.315
1797,ESP,2017,46584.1695
1798,ESP,2018,46792.043
1799,ESP,2019,47131.372
1800,ESP,2020,47363.807
1801,ESP,2021,47486.935
1802,ESP,2022,47558.6295
1803,ESP,2023,47519.6275
1804,LKA,2013,21131.7565
1805,LKA,2014,21239.457
1806,LKA,2015,21336.6975
1807,LKA,2016,21425.494
1808,LKA,2017,21506.8125
1809,LKA,2018,21580.71
1810,LKA,2019,21649.664
1811,LKA,2020,21715.0795
1812,LKA,2021,21773.4405
1813,LKA,2022,21832.143
1814,LKA,2023,21893.579
1815,PSE,2013,4281.794
1816,PSE,2014,4380.4745
1817,PSE,2015,4484.6135
1818,PSE,2016,4593.848
1819,PSE,2017,4700.9465
1820,PSE,2018,4805.5465
1821,PSE,2019,4909.7745
1822,PSE,2020,5019.4015
1823,PSE,2021,5133.392
1824,PSE,2022,5250.072
1825,PSE,2023,5371.23
1826,SDN,2013,35990.7035
1827,SDN,2014,37003.2445
1828,SDN,2015,38171.178
1829,SDN,2016,39377.169
1830,SDN,2017,40679.828
1831,SDN,2018,41999.059
1832,SDN,2019,43232.093
1833,SDN,2020,44440.486
1834,SDN,2021,45657.2015
1835,SDN,2022,46874.204
1836,SDN,2023,48109.006
1837,SUR,2013,563.947
1838,SUR,2014,569.682
1839,SUR,2015,575.475
1840,SUR,2016,581.453
1841,SUR,2017,587.5595
1842,SUR,2018,593.7145
1843,SUR,2019,600.3005
1844,SUR,2020,607.065
1845,SUR,2021,612.9845
1846,SUR,2022,618.0405
1847,SUR,2023,623.2365
1848,SWE,2013,9648.932
1849,SWE,2014,9747.5085
1850,SWE,2015,9849.3485
1851,SWE,2016,9953.317
1852,SWE,2017,10058.19
1853,SWE,2018,10162.298
1854,SWE,2019,10267.9215
1855,SWE,2020,10368.9695
1856,SWE,2021,10467.097
1857,SWE,2022,10549.347
1858,SWE,2023,10612.086
1859,CHE,2013,8088.367
1860,CHE,2014,8187.791
1861,CHE,2015,8281.732
1862,CHE,2016,8372.898
1863,CHE,2017,8451.687
1864,CHE,2018,8514.434
1865,CHE,2019,8575.5885
1866,CHE,2020,8638.613
1867,CHE,2021,8691.4065
1868,CHE,2022,8740.472
1869,CHE,2023,8796.669
1870,SYR,2013,21495.8205
1871,SYR,2014,20072.232
1872,SYR,2015,19205.1775
1873,SYR,2016,18964.252
1874,SYR,2017,18983.373
1875,SYR,2018,19333.463
1876,SYR,2019,20098.2515
1877,SYR,2020,20772.5955
1878,SYR,2021,21324.367
1879,SYR,2022,22125.2485
1880,SYR,2023,23227.0135
1881,TJK,2013,8136.6105
1882,TJK,2014,8326.348
1883,TJK,2015,8524.0625
1884,TJK,2016,8725.3185
1885,TJK,2017,8925.525
1886,TJK,2018,9128.1325
1887,TJK,2019,9337.003
1888,TJK,2020,9543.207
1889,TJK,2021,9750.064
1890,TJK,2022,9952.787
1891,TJK,2023,10143.543
1892,THA,2013,69578.6025
1893,THA,2014,69960.943
1894,THA,2015,70294.397
1895,THA,2016,70607.037
1896,THA,2017,70898.2025
1897,THA,2018,71127.802
1898,THA,2019,71307.763
1899,THA,2020,71475.6645
1900,THA,2021,71601.103
1901,THA,2022,71697.0295
1902,THA,2023,71801.279
1903,TLS,2013,1161.555
1904,TLS,2014,1184.83
1905,TLS,2015,1205.813
1906,TLS,2016,1224.562
1907,TLS,2017,1243.235
1908,TLS,2018,1261.8455
1909,TLS,2019,1280.4375
1910,TLS,2020,1299.995
1911,TLS,2021,1320.942
1912,TLS,2022,1341.296
1913,TLS,2023,1360.596
1914,TGO,2013,7106.229
1915,TGO,2014,7288.383
1916,TGO,2015,7473.2285
1917,TGO,2016,7661.3535
1918,TGO,2017,7852.795
1919,TGO,2018,8046.679
1920,TGO,2019,8243.0945
1921,TGO,2020,8442.58
1922,TGO,2021,8644.829
1923,TGO,2022,8848.6985
1924,TGO,2023,9053.799
1925,TON,2013,107.089
1926,TON,2014,106.6255
1927,TON,2015,106.122
1928,TON,2016,105.7075
1929,TON,2017,105.415
1930,TON,2018,105.1505
1931,TON,2019,104.9505
1932,TON,2020,105.254
1933,TON,2021,106.017
1934,TON,2022,106.8575
1935,TON,2023,107.773
1936,TTO,2013,1440.7295
1937,TTO,2014,1450.661
1938,TTO,2015,1460.1765
1939,TTO,2016,1469.3295
1940,TTO,2017,1478.607
1941,TTO,2018,1504.709
1942,TTO,2019,1519.955
1943,TTO,2020,1518.147
1944,TTO,2021,1525.663
1945,TTO,2022,1531.0445
1946,TTO,2023,1534.937
1947,TUN,2013,11300.2845
1948,TUN,2014,11428.948
1949,TUN,2015,11557.7785
1950,TUN,2016,11685.6675
1951,TUN,2017,11811.443
1952,TUN,2018,11933.0415
1953,TUN,2019,12049.3135
1954,TUN,2020,12161.723
1955,TUN,2021,12262.946
1956,TUN,2022,12356.117
1957,TUN,2023,12458.223
1958,TUR,2013,76576.1175
1959,TUR,2014,78112.0735
1960,TUR,2015,79646.1785
1961,TUR,2016,81019.3945
1962,TUR,2017,82089.8265
1963,TUR,2018,82809.3045
1964,TUR,2019,83481.684
1965,TUR,2020,84135.4275
1966,TUR,2021,84775.4035
1967,TUR,2022,85341.241
1968,TUR,2023,85816.199
1969,TKM,2013,5560.0945
1970,TKM,2014,5663.152
1971,TKM,2015,5766.4315
1972,TKM,2016,5868.5615
1973,TKM,2017,5968.383
1974,TKM,2018,6065.066
1975,TKM,2019,6158.42
1976,TKM,2020,6250.438
1977,TKM,2021,6341.855
1978,TKM,2022,6430.7705
1979,TKM,2023,6516.1
1980,TUV,2013,10.918
1981,TUV,2014,10.899
1982,TUV,2015,10.877
1983,TUV,2016,10.852
1984,TUV,2017,10.8275
1985,TUV,2018,10.865
1986,TUV,2019,10.956
1987,TUV,2020,11.069
1988,TUV,2021,11.2035
1989,TUV,2022,11.3115
1990,TUV,2023,11.396
1991,UGA,2013,35273.57
1992,UGA,2014,36336.5395
1993,UGA,2015,37477.356
1994,UGA,2016,38748.299
1995,UGA,2017,40127.085
1996,UGA,2018,41515.395
1997,UGA,2019,42949.08
1998,UGA,2020,44404.611
1999,UGA,2021,45853.778
2000,UGA,2022,47249.585
2001,UGA,2023,48582.334
2002,UKR,2013,45307.0995
2003,UKR,2014,45148.0745
2004,UKR,2015,44982.564
2005,UKR,2016,44833.569
2006,UKR,2017,44657.2565
2007,UKR,2018,44446.9535
2008,UKR,2019,44211.0945
2009,UKR,2020,43909.6665
2010,UKR,2021,43531.422
2011,UKR,2022,39701.739
2012,UKR,2023,36744.6335
2013,ARE,2013,8751.8475
2014,ARE,2014,8835.9515
2015,ARE,2015,8916.899
2016,ARE,2016,8994.263
2017,ARE,2017,9068.2955
2018,ARE,2018,9140.1695
2019,ARE,2019,9211.657
2020,ARE,2020,9287.289
2021,ARE,2021,9365.1445
2022,ARE,2022,9441.1285
2023,ARE,2023,9516.871
2024,GBR,2013,64302.297
2025,GBR,2014,64773.504
2026,GBR,2015,65224.364
2027,GBR,2016,65655.203
2028,GBR,2017,66064.8045
2029,GBR,2018,66432.9935
2030,GBR,2019,66778.659
2031,GBR,2020,67059.474
2032,GBR,2021,67281.0395
2033,GBR,2022,67508.9355
2034,GBR,2023,67736.802
2035,TZA,2013,49253.6435
2036,TZA,2014,50814.5515
2037,TZA,2015,52542.8235
2038,TZA,2016,54401.8015
2039,TZA,2017,56267.032
2040,TZA,2018,58090.443
2041,TZA,2019,59872.579
2042,TZA,2020,61704.518
2043,TZA,2021,63588.334
2044,TZA,2022,65497.748
2045,TZA,2023,67438.106
2046,USA,2013,319375.166
2047,USA,2014,322033.9635
2048,USA,2015,324607.7765
2049,USA,2016,327210.198
2050,USA,2017,329791.2305
2051,USA,2018,332140.0375
2052,USA,2019,334319.6705
2053,USA,2020,335942.0035
2054,USA,2021,336997.624
2055,USA,2022,338289.857
2056,USA,2023,339996.5635
2057,URY,2013,3381.1805
2058,URY,2014,3391.6615
2059,URY,2015,3402.8175
2060,URY,2016,3413.766
2061,URY,2017,3422.2005
2062,URY,2018,3427.042
2063,URY,2019,3428.4085
2064,URY,2020,3429.0865
2065,URY,2021,3426.2595
2066,URY,2022,3422.7935
2067,URY,2023,3423.1085
2068,UZB,2013,29963.226
2069,UZB,2014,30446.5425
2070,UZB,2015,30949.4175
2071,UZB,2016,31453.5745
2072,UZB,2017,31945.682
2073,UZB,2018,32449.576
2074,UZB,2019,32976.948
2075,UZB,2020,33526.6565
2076,UZB,2021,34081.449
2077,UZB,2022,34627.6525
2078,UZB,2023,35163.9435
2079,VUT,2013,263.5335
2080,VUT,2014,269.927
2081,VUT,2015,276.4385
2082,VUT,2016,283.218
2083,VUT,2017,290.239
2084,VUT,2018,297.298
2085,VUT,2019,304.4045
2086,VUT,2020,311.685
2087,VUT,2021,319.1365
2088,VUT,2022,326.7405
2089,VUT,2023,334.506
2090,VEN,2013,29838.0215
2091,VEN,2014,30193.2585
2092,VEN,2015,30529.716
2093,VEN,2016,30741.4635
2094,VEN,2017,30563.4335
2095,VEN,2018,29825.6525
2096,VEN,2019,28971.6835
2097,VEN,2020,28490.4535
2098,VEN,2021,28199.8665
2099,VEN,2022,28301.6955
2100,VEN,2023,28838.499
2101,VNM,2013,90267.7385
2102,VNM,2014,91235.5035
2103,VNM,2015,92191.3975
2104,VNM,2016,93126.5285
2105,VNM,2017,94033.048
2106,VNM,2018,94914.3305
2107,VNM,2019,95776.7165
2108,VNM,2020,96648.6845
2109,VNM,2021,97468.0285
2110,VNM,2022,98186.856
2111,VNM,2023,98858.95
2112,YEM,2013,26984.002
2113,YEM,2014,27753.304
2114,YEM,2015,28516.545
2115,YEM,2016,29274.0025
2116,YEM,2017,30034.3885
2117,YEM,2018,30790.5125
2118,YEM,2019,31546.691
2119,YEM,2020,32284.0455
2120,YEM,2021,32981.6415
2121,YEM,2022,33696.614
2122,YEM,2023,34449.825
2123,ZMB,2013,15234.976
2124,ZMB,2014,15737.793
2125,ZMB,2015,16248.23
2126,ZMB,2016,16767.7605
2127,ZMB,2017,17298.0535
2128,ZMB,2018,17835.893
2129,ZMB,2019,18380.4765
2130,ZMB,2020,18927.715
2131,ZMB,2021,19473.125
2132,ZMB,2022,20017.675
2133,ZMB,2023,20569.7375
2134,ZWE,2013,13555.4215
2135,ZWE,2014,13855.753
2136,ZWE,2015,14154.937
2137,ZWE,2016,14452.7045
2138,ZWE,2017,14751.101
2139,ZWE,2018,15052.184
2140,ZWE,2019,15354.6075
2141,ZWE,2020,15669.666
2142,ZWE,2021,15993.524
2143,ZWE,2022,16320.537
2144,ZWE,2023,16665.4085
