;country;iso2;iso3;region;wb_econ;maternal_leave;paternal_leave;matandpat;matandpat_12;mat_yn_1995;mat_yn_1996;mat_yn_1997;mat_yn_1998;mat_yn_1999;mat_yn_2000;mat_yn_2001;mat_yn_2002;mat_yn_2003;mat_yn_2004;mat_yn_2005;mat_yn_2006;mat_yn_2007;mat_yn_2008;mat_yn_2009;mat_yn_2010;mat_yn_2011;mat_yn_2012;mat_yn_2013;mat_yn_2014;mat_yn_2015;mat_yn_2016;mat_yn_2017;mat_yn_2018;mat_yn_2019;mat_yn_2020;mat_yn_2021;mat_yn_2022;pat_yn_1995;pat_yn_1996;pat_yn_1997;pat_yn_1998;pat_yn_1999;pat_yn_2000;pat_yn_2001;pat_yn_2002;pat_yn_2003;pat_yn_2004;pat_yn_2005;pat_yn_2006;pat_yn_2007;pat_yn_2008;pat_yn_2009;pat_yn_2010;pat_yn_2011;pat_yn_2012;pat_yn_2013;pat_yn_2014;pat_yn_2015;pat_yn_2016;pat_yn_2017;pat_yn_2018;pat_yn_2019;pat_yn_2020;pat_yn_2021;pat_yn_2022;mat_14wks_1995;mat_14wks_1996;mat_14wks_1997;mat_14wks_1998;mat_14wks_1999;mat_14wks_2000;mat_14wks_2001;mat_14wks_2002;mat_14wks_2003;mat_14wks_2004;mat_14wks_2005;mat_14wks_2006;mat_14wks_2007;mat_14wks_2008;mat_14wks_2009;mat_14wks_2010;mat_14wks_2011;mat_14wks_2012;mat_14wks_2013;mat_14wks_2014;mat_14wks_2015;mat_14wks_2016;mat_14wks_2017;mat_14wks_2018;mat_14wks_2019;mat_14wks_2020;mat_14wks_2021;mat_14wks_2022;pat_14wks_1995;pat_14wks_1996;pat_14wks_1997;pat_14wks_1998;pat_14wks_1999;pat_14wks_2000;pat_14wks_2001;pat_14wks_2002;pat_14wks_2003;pat_14wks_2004;pat_14wks_2005;pat_14wks_2006;pat_14wks_2007;pat_14wks_2008;pat_14wks_2009;pat_14wks_2010;pat_14wks_2011;pat_14wks_2012;pat_14wks_2013;pat_14wks_2014;pat_14wks_2015;pat_14wks_2016;pat_14wks_2017;pat_14wks_2018;pat_14wks_2019;pat_14wks_2020;pat_14wks_2021;pat_14wks_2022;dadstoo;maternity_leave;paternity_leave;parental_leave;mtlv_min_wrr_ilo;ptlv_min_wrr_ilo;prlv_min_wrr_ilo;prlv_job_protect;ptlv_job_protect;adopt_lv;genderequal_adopt;breastfeed_duration;mat_bfeed_6mon;maternal_self;paternal_self;maternal_ag;paternal_ag;maternal_dom;paternal_dom;maternal_part;paternal_part;TIME_PERIOD
0;Afghanistan;AF;AFG;South Asia;1;2;2;5;3;1.0;1.0;1.0;1.0;1.0;1.0;1.0;1.0;1.0;1.0;1.0;1.0;1.0;1.0;1.0;1.0;1;1;1;1;1;1;1;1;1;1;1;1;0.0;0.0;0.0;0.0;0.0;0.0;0.0;0.0;0.0;0.0;0.0;0.0;1.0;1.0;1.0;1.0;1;1;1;1;1;1;1;1;1;1;1;1;0.0;0.0;0.0;0.0;0.0;0.0;0.0;0.0;0.0;0.0;0.0;0.0;0.0;0.0;0.0;0.0;0;0;0;0;0;0;0;0;0;0;0;0;0.0;0.0;0.0;0.0;0.0;0.0;0.0;0.0;0.0;0.0;0.0;0.0;0.0;0.0;0.0;0.0;0;0;0;0;0;0;0;0;0;0;0;0;3.0;2;2.0;1;5;5;1.0;1;2.0;2;1;5.0;3.0;3.0;3.0;4.0;4.0;4;4.0;4.0;4.0;2022.0
1;Albania;AL;ALB;Europe & Central Asia;2;5;5;5;4;1.0;1.0;1.0;1.0;1.0;1.0;1.0;1.0;1.0;1.0;1.0;1.0;1.0;1.0;1.0;1.0;1;1;1;1;1;1;1;1;1;1;1;1;0.0;0.0;0.0;0.0;0.0;0.0;0.0;0.0;0.0;0.0;0.0;0.0;0.0;0.0;0.0;0.0;0;0;0;1;1;1;1;1;1;1;1;1;1.0;1.0;1.0;1.0;1.0;1.0;1.0;1.0;1.0;1.0;1.0;1.0;1.0;1.0;1.0;1.0;1;1;1;1;1;1;1;1;1;1;1;1;0.0;0.0;0.0;0.0;0.0;0.0;0.0;0.0;0.0;0.0;0.0;0.0;0.0;0.0;0.0;0.0;0;0;0;1;1;1;1;1;1;1;1;1;3.0;5;2.0;1;3;5;1.0;1;2.0;5;5;5.0;5.0;5.0;5.0;4.0;4.0;3;4.0;5.0;5.0;2022.0
2;Algeria;DZ;DZA;Middle East & North Africa;2;3;2;5;3;1.0;1.0;1.0;1.0;1.0;1.0;1.0;1.0;1.0;1.0;1.0;1.0;1.0;1.0;1.0;1.0;1;1;1;1;1;1;1;1;1;1;1;1;1.0;1.0;1.0;1.0;1.0;1.0;1.0;1.0;1.0;1.0;1.0;1.0;1.0;1.0;1.0;1.0;1;1;1;1;1;1;1;1;1;1;1;1;1.0;1.0;1.0;1.0;1.0;1.0;1.0;1.0;1.0;1.0;1.0;1.0;1.0;1.0;1.0;1.0;1;1;1;1;1;1;1;1;1;1;1;1;0.0;0.0;0.0;0.0;0.0;0.0;0.0;0.0;0.0;0.0;0.0;0.0;0.0;0.0;0.0;0.0;0;0;0;0;0;0;0;0;0;0;0;0;3.0;3;2.0;1;5;5;1.0;1;2.0;2;1;1.0;1.0;3.0;3.0;5.0;4.0;4;4.0;2.0;2.0;2022.0
3;Andorra;AD;AND;Europe & Central Asia;4;3;4;5;4;1.0;1.0;1.0;1.0;1.0;1.0;1.0;1.0;1.0;1.0;1.0;1.0;1.0;1.0;1.0;1.0;1;1;1;1;1;1;1;1;1;1;1;1;0.0;0.0;0.0;0.0;0.0;1.0;1.0;1.0;1.0;1.0;1.0;1.0;1.0;1.0;1.0;1.0;1;1;1;1;1;1;1;1;1;1;1;1;0.0;0.0;0.0;0.0;0.0;1.0;1.0;1.0;1.0;1.0;1.0;1.0;1.0;1.0;1.0;1.0;1;1;1;1;1;1;1;1;1;1;1;1;0.0;0.0;0.0;0.0;0.0;0.0;0.0;0.0;0.0;0.0;0.0;0.0;0.0;0.0;0.0;0.0;0;0;0;0;0;0;0;0;1;1;1;1;4.0;3;3.0;1;5;5;1.0;1;5.0;3;5;5.0;3.0;5.0;5.0;4.0;4.0;4;4.0;4.0;4.0;2022.0
4;Angola;AO;AGO;Sub-Saharan Africa;2;2;2;5;3;1.0;1.0;1.0;1.0;1.0;1.0;1.0;1.0;1.0;1.0;1.0;1.0;1.0;1.0;1.0;1.0;1;1;1;1;1;1;1;1;1;1;1;1;0.0;0.0;0.0;0.0;0.0;1.0;1.0;1.0;1.0;1.0;1.0;1.0;1.0;1.0;1.0;1.0;1;1;1;1;1;1;1;1;1;1;1;1;0.0;0.0;0.0;0.0;0.0;0.0;0.0;0.0;0.0;0.0;0.0;0.0;0.0;0.0;0.0;0.0;0;0;0;0;0;0;0;0;0;0;0;0;0.0;0.0;0.0;0.0;0.0;0.0;0.0;0.0;0.0;0.0;0.0;0.0;0.0;0.0;0.0;0.0;0;0;0;0;0;0;0;0;0;0;0;0;3.0;2;2.0;1;5;5;1.0;1;5.0;2;1;5.0;3.0;5.0;3.0;5.0;5.0;4;4.0;5.0;5.0;2022.0
5;Antigua and Barbuda;AG;ATG;Americas;4;2;1;3;3;1.0;1.0;1.0;1.0;1.0;1.0;1.0;1.0;1.0;1.0;1.0;1.0;1.0;1.0;1.0;1.0;1;1;1;1;1;1;1;1;1;1;1;1;0.0;0.0;0.0;0.0;0.0;0.0;0.0;0.0;0.0;0.0;0.0;0.0;0.0;0.0;0.0;0.0;0;0;0;0;0;0;0;0;0;0;0;0;0.0;0.0;0.0;0.0;0.0;0.0;0.0;0.0;0.0;0.0;0.0;0.0;0.0;0.0;0.0;0.0;0;0;0;0;0;0;0;0;0;0;0;0;0.0;0.0;0.0;0.0;0.0;0.0;0.0;0.0;0.0;0.0;0.0;0.0;0.0;0.0;0.0;0.0;0;0;0;0;0;0;0;0;0;0;0;0;1.0;2;1.0;1;3;1;1.0;1;1.0;2;1;1.0;1.0;5.0;1.0;4.0;1.0;4;1.0;4.0;1.0;2022.0
6;Argentina;AR;ARG;Americas;2;2;2;5;3;1.0;1.0;1.0;1.0;1.0;1.0;1.0;1.0;1.0;1.0;1.0;1.0;1.0;1.0;1.0;1.0;1;1;1;1;1;1;1;1;1;1;1;1;1.0;1.0;1.0;1.0;1.0;1.0;1.0;1.0;1.0;1.0;1.0;1.0;1.0;1.0;1.0;1.0;1;1;1;1;1;1;1;1;1;1;1;1;0.0;0.0;0.0;0.0;0.0;0.0;0.0;0.0;0.0;0.0;0.0;0.0;0.0;0.0;0.0;0.0;0;0;0;0;0;0;0;0;0;0;0;0;0.0;0.0;0.0;0.0;0.0;0.0;0.0;0.0;0.0;0.0;0.0;0.0;0.0;0.0;0.0;0.0;0;0;0;0;0;0;0;0;0;0;0;0;3.0;2;2.0;1;5;5;1.0;1;2.0;2;1;5.0;3.0;3.0;3.0;5.0;5.0;5;5.0;5.0;4.0;2022.0
7;Armenia;AM;ARM;Europe & Central Asia;2;5;5;5;5;1.0;1.0;1.0;1.0;1.0;1.0;1.0;1.0;1.0;1.0;1.0;1.0;1.0;1.0;1.0;1.0;1;1;1;1;1;1;1;1;1;1;1;1;0.0;0.0;0.0;0.0;0.0;0.0;0.0;0.0;0.0;1.0;1.0;1.0;1.0;1.0;1.0;1.0;1;1;1;1;1;1;1;1;1;1;1;1;1.0;1.0;1.0;1.0;1.0;1.0;1.0;1.0;1.0;1.0;1.0;1.0;1.0;1.0;1.0;1.0;1;1;1;1;1;1;1;1;1;1;1;1;0.0;0.0;0.0;0.0;0.0;0.0;0.0;0.0;0.0;1.0;1.0;1.0;1.0;1.0;1.0;1.0;1;1;1;1;1;1;1;1;1;1;1;1;2.0;3;1.0;5;5;1;2.0;2;1.0;5;5;5.0;5.0;5.0;5.0;4.0;4.0;4;4.0;5.0;5.0;2022.0
8;Australia;AU;AUS;East Asia & Pacific;4;3;4;5;4;0.0;0.0;0.0;0.0;0.0;0.0;0.0;0.0;0.0;0.0;0.0;0.0;0.0;0.0;0.0;0.0;1;1;1;1;1;1;1;1;1;1;1;1;0.0;0.0;0.0;0.0;0.0;0.0;0.0;0.0;0.0;0.0;0.0;0.0;0.0;0.0;0.0;0.0;1;1;1;1;1;1;1;1;1;1;1;1;0.0;0.0;0.0;0.0;0.0;0.0;0.0;0.0;0.0;0.0;0.0;0.0;0.0;0.0;0.0;0.0;1;1;1;1;1;1;1;1;1;1;1;1;0.0;0.0;0.0;0.0;0.0;0.0;0.0;0.0;0.0;0.0;0.0;0.0;0.0;0.0;0.0;0.0;1;1;1;1;1;1;1;1;1;1;1;1;3.0;3;2.0;1;2;2;1.0;1;2.0;5;5;1.0;1.0;5.0;5.0;4.0;4.0;4;4.0;4.0;4.0;2022.0
9;Austria;AT;AUT;Europe & Central Asia;4;5;5;5;5;1.0;1.0;1.0;1.0;1.0;1.0;1.0;1.0;1.0;1.0;1.0;1.0;1.0;1.0;1.0;1.0;1;1;1;1;1;1;1;1;1;1;1;1;1.0;1.0;1.0;1.0;1.0;1.0;1.0;1.0;1.0;1.0;1.0;1.0;1.0;1.0;1.0;1.0;1;1;1;1;1;1;1;1;1;1;1;1;1.0;1.0;1.0;1.0;1.0;1.0;1.0;1.0;1.0;1.0;1.0;1.0;1.0;1.0;1.0;1.0;1;1;1;1;1;1;1;1;1;1;1;1;1.0;1.0;1.0;1.0;1.0;1.0;1.0;1.0;1.0;1.0;1.0;1.0;1.0;1.0;1.0;1.0;1;1;1;1;1;1;1;1;1;1;1;1;5.0;3;3.0;5;5;2;2.0;5;5.0;5;5;5.0;5.0;5.0;5.0;5.0;5.0;5;5.0;5.0;5.0;2022.0
10;Azerbaijan;AZ;AZE;Europe & Central Asia;2;5;5;5;5;1.0;1.0;1.0;1.0;1.0;1.0;1.0;1.0;1.0;1.0;1.0;1.0;1.0;1.0;1.0;1.0;1;1;1;1;1;1;1;1;1;1;1;1;1.0;1.0;1.0;1.0;1.0;1.0;1.0;1.0;1.0;1.0;1.0;1.0;1.0;1.0;1.0;1.0;1;1;1;1;1;1;1;1;1;1;1;1;1.0;1.0;1.0;1.0;1.0;1.0;1.0;1.0;1.0;1.0;1.0;1.0;1.0;1.0;1.0;1.0;1;1;1;1;1;1;1;1;1;1;1;1;1.0;1.0;1.0;1.0;1.0;1.0;1.0;1.0;1.0;1.0;1.0;1.0;1.0;1.0;1.0;1.0;1;1;1;1;1;1;1;1;1;1;1;1;2.0;3;1.0;5;5;1;2.0;5;1.0;5;5;5.0;5.0;5.0;5.0;5.0;5.0;4;4.0;4.0;4.0;2022.0
11;Bahamas;BS;BHS;Americas;4;2;1;3;3;1.0;1.0;1.0;1.0;1.0;1.0;1.0;1.0;1.0;1.0;1.0;1.0;1.0;1.0;1.0;1.0;1;1;1;1;1;1;1;1;1;1;1;1;0.0;0.0;0.0;0.0;0.0;0.0;0.0;0.0;0.0;0.0;0.0;0.0;0.0;0.0;0.0;0.0;0;0;0;0;0;0;0;0;0;0;0;0;0.0;0.0;0.0;0.0;0.0;0.0;0.0;0.0;0.0;0.0;0.0;0.0;0.0;0.0;0.0;0.0;0;0;0;0;0;0;0;0;0;0;0;0;0.0;0.0;0.0;0.0;0.0;0.0;0.0;0.0;0.0;0.0;0.0;0.0;0.0;0.0;0.0;0.0;0;0;0;0;0;0;0;0;0;0;0;0;1.0;2;1.0;1;5;1;1.0;1;1.0;2;1;1.0;1.0;5.0;1.0;4.0;1.0;4;1.0;4.0;1.0;2022.0
12;Bahrain;BH;BHR;Middle East & North Africa;4;2;2;5;1;1.0;1.0;1.0;1.0;1.0;1.0;1.0;1.0;1.0;1.0;1.0;1.0;1.0;1.0;1.0;1.0;1;1;1;1;1;1;1;1;1;1;1;1;1.0;1.0;1.0;1.0;1.0;1.0;1.0;1.0;1.0;1.0;1.0;1.0;1.0;1.0;1.0;1.0;1;1;1;1;1;1;1;1;1;1;1;1;0.0;0.0;0.0;0.0;0.0;0.0;0.0;0.0;0.0;0.0;0.0;0.0;0.0;0.0;0.0;0.0;0;0;0;0;0;0;0;0;0;0;0;0;0.0;0.0;0.0;0.0;0.0;0.0;0.0;0.0;0.0;0.0;0.0;0.0;0.0;0.0;0.0;0.0;0;0;0;0;0;0;0;0;0;0;0;0;3.0;2;2.0;1;5;5;1.0;1;2.0;2;1;5.0;3.0;3.0;3.0;3.0;3.0;3;3.0;4.0;4.0;2022.0
13;Bangladesh;BD;BGD;South Asia;2;3;1;3;3;1.0;1.0;1.0;1.0;1.0;1.0;1.0;1.0;1.0;1.0;1.0;1.0;1.0;1.0;1.0;1.0;1;1;1;1;1;1;1;1;1;1;1;1;0.0;0.0;0.0;0.0;0.0;0.0;0.0;0.0;0.0;0.0;0.0;0.0;0.0;0.0;0.0;0.0;0;0;0;0;0;0;0;0;0;0;0;0;0.0;0.0;0.0;0.0;0.0;0.0;0.0;0.0;0.0;0.0;0.0;1.0;1.0;1.0;1.0;1.0;1;1;1;1;1;1;1;1;1;1;1;1;0.0;0.0;0.0;0.0;0.0;0.0;0.0;0.0;0.0;0.0;0.0;0.0;0.0;0.0;0.0;0.0;0;0;0;0;0;0;0;0;0;0;0;0;1.0;3;1.0;1;5;1;1.0;1;1.0;2;1;1.0;1.0;3.0;1.0;5.0;1.0;3;1.0;4.0;1.0;2022.0
14;Barbados;BB;BRB;Americas;4;2;1;3;3;1.0;1.0;1.0;1.0;1.0;1.0;1.0;1.0;1.0;1.0;1.0;1.0;1.0;1.0;1.0;1.0;1;1;1;1;1;1;1;1;1;1;1;1;0.0;0.0;0.0;0.0;0.0;0.0;0.0;0.0;0.0;0.0;0.0;0.0;0.0;0.0;0.0;0.0;0;0;0;0;0;0;0;0;0;0;0;0;0.0;0.0;0.0;0.0;0.0;0.0;0.0;0.0;0.0;0.0;0.0;0.0;0.0;0.0;0.0;0.0;0;0;0;0;0;0;0;0;0;0;0;0;0.0;0.0;0.0;0.0;0.0;0.0;0.0;0.0;0.0;0.0;0.0;0.0;0.0;0.0;0.0;0.0;0;0;0;0;0;0;0;0;0;0;0;0;1.0;2;1.0;1;5;1;1.0;1;1.0;2;1;1.0;1.0;5.0;1.0;4.0;1.0;4;1.0;4.0;1.0;2022.0
15;Belarus;BY;BLR;Europe & Central Asia;2;5;5;5;5;1.0;1.0;1.0;1.0;1.0;1.0;1.0;1.0;1.0;1.0;1.0;1.0;1.0;1.0;1.0;1.0;1;1;1;1;1;1;1;1;1;1;1;1;1.0;1.0;1.0;1.0;1.0;1.0;1.0;1.0;1.0;1.0;1.0;1.0;1.0;1.0;1.0;1.0;1;1;1;1;1;1;1;1;1;1;1;1;1.0;1.0;1.0;1.0;1.0;1.0;1.0;1.0;1.0;1.0;1.0;1.0;1.0;1.0;1.0;1.0;1;1;1;1;1;1;1;1;1;1;1;1;1.0;1.0;1.0;1.0;1.0;1.0;1.0;1.0;1.0;1.0;1.0;1.0;1.0;1.0;1.0;1.0;1;1;1;1;1;1;1;1;1;1;1;1;2.0;3;1.0;5;5;1;2.0;5;1.0;5;5;5.0;5.0;5.0;5.0;4.0;4.0;5;5.0;5.0;5.0;2022.0
16;Belgium;BE;BEL;Europe & Central Asia;4;4;4;5;5;1.0;1.0;1.0;1.0;1.0;1.0;1.0;1.0;1.0;1.0;1.0;1.0;1.0;1.0;1.0;1.0;1;1;1;1;1;1;1;1;1;1;1;1;1.0;1.0;1.0;1.0;1.0;1.0;1.0;1.0;1.0;1.0;1.0;1.0;1.0;1.0;1.0;1.0;1;1;1;1;1;1;1;1;1;1;1;1;1.0;1.0;1.0;1.0;1.0;1.0;1.0;1.0;1.0;1.0;1.0;1.0;1.0;1.0;1.0;1.0;1;1;1;1;1;1;1;1;1;1;1;1;0.0;0.0;0.0;0.0;0.0;0.0;0.0;1.0;1.0;1.0;1.0;1.0;1.0;1.0;1.0;1.0;1;1;1;1;1;1;1;1;1;1;1;1;5.0;4;4.0;1;2;2;1.0;1;5.0;5;5;5.0;5.0;5.0;5.0;4.0;4.0;5;5.0;5.0;5.0;2022.0
17;Belize;BZ;BLZ;Americas;2;3;1;3;3;1.0;1.0;1.0;1.0;1.0;1.0;1.0;1.0;1.0;1.0;1.0;1.0;1.0;1.0;1.0;1.0;1;1;1;1;1;1;1;1;1;1;1;1;0.0;0.0;0.0;0.0;0.0;0.0;0.0;0.0;0.0;0.0;0.0;0.0;0.0;0.0;0.0;0.0;0;0;0;0;0;0;0;0;0;0;0;0;0.0;0.0;0.0;0.0;0.0;1.0;1.0;1.0;1.0;1.0;1.0;1.0;1.0;1.0;1.0;1.0;1;1;1;1;1;1;1;1;1;1;1;1;0.0;0.0;0.0;0.0;0.0;0.0;0.0;0.0;0.0;0.0;0.0;0.0;0.0;0.0;0.0;0.0;0;0;0;0;0;0;0;0;0;0;0;0;1.0;3;1.0;1;5;1;1.0;1;1.0;2;1;1.0;1.0;5.0;1.0;5.0;1.0;5;1.0;5.0;1.0;2022.0
18;Benin;BJ;BEN;Sub-Saharan Africa;2;3;2;5;3;1.0;1.0;1.0;1.0;1.0;1.0;1.0;1.0;1.0;1.0;1.0;1.0;1.0;1.0;1.0;1.0;1;1;1;1;1;1;1;1;1;1;1;1;0.0;0.0;0.0;0.0;0.0;0.0;0.0;0.0;0.0;0.0;1.0;1.0;1.0;1.0;1.0;1.0;1;1;1;1;1;1;1;1;1;1;1;1;1.0;1.0;1.0;1.0;1.0;1.0;1.0;1.0;1.0;1.0;1.0;1.0;1.0;1.0;1.0;1.0;1;1;1;1;1;1;1;1;1;1;1;1;0.0;0.0;0.0;0.0;0.0;0.0;0.0;0.0;0.0;0.0;0.0;0.0;0.0;0.0;0.0;0.0;0;0;0;0;0;0;0;0;0;0;0;0;3.0;3;2.0;1;5;5;1.0;1;2.0;2;1;5.0;3.0;3.0;3.0;3.0;4.0;5;5.0;4.0;4.0;2022.0
19;Bhutan;BT;BTN;South Asia;2;2;2;5;1;0.0;0.0;0.0;0.0;0.0;0.0;0.0;0.0;0.0;0.0;0.0;0.0;0.0;0.0;1.0;1.0;1;1;1;1;1;1;1;1;1;1;1;1;0.0;0.0;0.0;0.0;0.0;0.0;0.0;0.0;0.0;0.0;0.0;0.0;0.0;0.0;1.0;1.0;1;1;1;1;1;1;1;1;1;1;1;1;0.0;0.0;0.0;0.0;0.0;0.0;0.0;0.0;0.0;0.0;0.0;0.0;0.0;0.0;0.0;0.0;0;0;0;0;0;0;0;0;0;0;0;0;0.0;0.0;0.0;0.0;0.0;0.0;0.0;0.0;0.0;0.0;0.0;0.0;0.0;0.0;0.0;0.0;0;0;0;0;0;0;0;0;0;0;0;0;3.0;2;2.0;1;5;5;1.0;1;5.0;2;1;2.0;1.0;3.0;3.0;4.0;4.0;5;5.0;;;2022.0
20;Bolivia;BO;BOL;Americas;2;2;2;5;3;1.0;1.0;1.0;1.0;1.0;1.0;1.0;1.0;1.0;1.0;1.0;1.0;1.0;1.0;1.0;1.0;1;1;1;1;1;1;1;1;1;1;1;1;0.0;0.0;0.0;0.0;0.0;0.0;0.0;0.0;0.0;0.0;0.0;0.0;0.0;0.0;0.0;0.0;0;1;1;1;1;1;1;1;1;1;1;1;0.0;0.0;0.0;0.0;0.0;0.0;0.0;0.0;0.0;0.0;0.0;0.0;0.0;0.0;0.0;0.0;0;0;0;0;0;0;0;0;0;0;0;0;0.0;0.0;0.0;0.0;0.0;0.0;0.0;0.0;0.0;0.0;0.0;0.0;0.0;0.0;0.0;0.0;0;0;0;0;0;0;0;0;0;0;0;0;3.0;2;2.0;1;4;5;1.0;1;5.0;2;1;5.0;3.0;5.0;3.0;3.0;3.0;5;4.0;4.0;4.0;2022.0
21;Bosnia and Herzegovina;BA;BIH;Europe & Central Asia;2;5;2;5;3;1.0;1.0;1.0;1.0;1.0;1.0;1.0;1.0;1.0;1.0;1.0;1.0;1.0;1.0;1.0;1.0;1;1;1;1;1;1;1;1;1;1;1;1;0.0;0.0;0.0;0.0;0.0;1.0;1.0;1.0;1.0;1.0;1.0;1.0;1.0;1.0;1.0;1.0;1;1;1;1;1;1;1;1;1;1;1;1;1.0;1.0;1.0;1.0;1.0;1.0;1.0;1.0;1.0;1.0;1.0;1.0;1.0;1.0;1.0;1.0;1;1;1;1;1;1;1;1;1;1;1;1;0.0;0.0;0.0;0.0;0.0;0.0;0.0;0.0;0.0;0.0;0.0;0.0;0.0;0.0;0.0;0.0;0;0;0;0;0;0;0;0;0;0;0;0;3.0;5;2.0;1;3;5;1.0;1;2.0;3;5;5.0;5.0;;3.0;4.0;4.0;4;4.0;4.0;4.0;2022.0
22;Botswana;BW;BWA;Sub-Saharan Africa;2;2;1;3;3;1.0;1.0;1.0;1.0;1.0;1.0;1.0;1.0;1.0;1.0;1.0;1.0;1.0;1.0;1.0;1.0;1;1;1;1;1;1;1;1;1;1;1;1;0.0;0.0;0.0;0.0;0.0;0.0;0.0;0.0;0.0;0.0;0.0;0.0;0.0;0.0;0.0;0.0;0;0;0;0;0;0;0;0;0;0;0;0;0.0;0.0;0.0;0.0;0.0;0.0;0.0;0.0;0.0;0.0;0.0;0.0;0.0;0.0;0.0;0.0;0;0;0;0;0;0;0;0;0;0;0;0;0.0;0.0;0.0;0.0;0.0;0.0;0.0;0.0;0.0;0.0;0.0;0.0;0.0;0.0;0.0;0.0;0;0;0;0;0;0;0;0;0;0;0;0;1.0;2;1.0;1;3;1;1.0;1;1.0;2;1;5.0;3.0;3.0;1.0;4.0;1.0;4;1.0;4.0;1.0;2022.0
23;Brazil;BR;BRA;Americas;2;3;2;5;3;1.0;1.0;1.0;1.0;1.0;1.0;1.0;1.0;1.0;1.0;1.0;1.0;1.0;1.0;1.0;1.0;1;1;1;1;1;1;1;1;1;1;1;1;1.0;1.0;1.0;1.0;1.0;1.0;1.0;1.0;1.0;1.0;1.0;1.0;1.0;1.0;1.0;1.0;1;1;1;1;1;1;1;1;1;1;1;1;1.0;1.0;1.0;1.0;1.0;1.0;1.0;1.0;1.0;1.0;1.0;1.0;1.0;1.0;1.0;1.0;1;1;1;1;1;1;1;1;1;1;1;1;0.0;0.0;0.0;0.0;0.0;0.0;0.0;0.0;0.0;0.0;0.0;0.0;0.0;0.0;0.0;0.0;0;0;0;0;0;0;0;0;0;0;0;0;3.0;3;2.0;1;5;5;1.0;1;5.0;3;2;5.0;3.0;5.0;3.0;3.0;3.0;5;3.0;4.0;4.0;2022.0
24;Brunei;BN;BRN;East Asia & Pacific;4;2;1;3;3;1.0;1.0;1.0;1.0;1.0;1.0;1.0;1.0;1.0;1.0;1.0;1.0;1.0;1.0;1.0;1.0;1;1;1;1;1;1;1;1;1;1;1;1;0.0;0.0;0.0;0.0;0.0;0.0;0.0;0.0;0.0;0.0;0.0;0.0;0.0;0.0;0.0;0.0;0;0;0;0;0;0;0;0;0;0;0;0;0.0;0.0;0.0;0.0;0.0;0.0;0.0;0.0;0.0;0.0;0.0;0.0;0.0;0.0;0.0;0.0;0;0;0;0;0;0;0;0;0;0;0;0;0.0;0.0;0.0;0.0;0.0;0.0;0.0;0.0;0.0;0.0;0.0;0.0;0.0;0.0;0.0;0.0;0;0;0;0;0;0;0;0;0;0;0;0;1.0;2;1.0;1;5;1;1.0;1;1.0;2;1;1.0;1.0;3.0;1.0;4.0;1.0;3;1.0;4.0;1.0;2022.0
25;Bulgaria;BG;BGR;Europe & Central Asia;2;5;5;5;5;1.0;1.0;1.0;1.0;1.0;1.0;1.0;1.0;1.0;1.0;1.0;1.0;1.0;1.0;1.0;1.0;1;1;1;1;1;1;1;1;1;1;1;1;1.0;1.0;1.0;1.0;1.0;1.0;1.0;1.0;1.0;1.0;1.0;1.0;1.0;1.0;1.0;1.0;1;1;1;1;1;1;1;1;1;1;1;1;1.0;1.0;1.0;1.0;1.0;1.0;1.0;1.0;1.0;1.0;1.0;1.0;1.0;1.0;1.0;1.0;1;1;1;1;1;1;1;1;1;1;1;1;1.0;1.0;1.0;1.0;1.0;1.0;1.0;1.0;1.0;1.0;1.0;1.0;1.0;1.0;1.0;1.0;1;1;1;1;1;1;1;1;1;1;1;1;3.0;5;2.0;5;5;5;2.0;5;5.0;5;5;5.0;5.0;5.0;5.0;4.0;4.0;4;4.0;5.0;5.0;2022.0
26;Burkina Faso;BF;BFA;Sub-Saharan Africa;1;3;2;5;3;1.0;1.0;1.0;1.0;1.0;1.0;1.0;1.0;1.0;1.0;1.0;1.0;1.0;1.0;1.0;1.0;1;1;1;1;1;1;1;1;1;1;1;1;1.0;1.0;1.0;1.0;1.0;1.0;1.0;1.0;1.0;1.0;1.0;1.0;1.0;1.0;1.0;1.0;1;1;1;1;1;1;1;1;1;1;1;1;1.0;1.0;1.0;1.0;1.0;1.0;1.0;1.0;1.0;1.0;1.0;1.0;1.0;1.0;1.0;1.0;1;1;1;1;1;1;1;1;1;1;1;1;0.0;0.0;0.0;0.0;0.0;0.0;0.0;0.0;0.0;0.0;0.0;0.0;0.0;0.0;0.0;0.0;0;0;0;0;0;0;0;0;0;0;0;0;3.0;3;2.0;1;5;5;1.0;1;5.0;2;1;5.0;3.0;3.0;3.0;4.0;4.0;5;5.0;5.0;5.0;2022.0
27;Burundi;BI;BDI;Sub-Saharan Africa;1;2;2;5;3;1.0;1.0;1.0;1.0;1.0;1.0;1.0;1.0;1.0;1.0;1.0;1.0;1.0;1.0;1.0;1.0;1;1;1;1;1;1;1;1;1;1;1;1;1.0;1.0;1.0;1.0;1.0;1.0;1.0;1.0;1.0;1.0;1.0;1.0;1.0;1.0;1.0;1.0;1;1;1;1;1;1;1;1;1;1;1;1;0.0;0.0;0.0;0.0;0.0;0.0;0.0;0.0;0.0;0.0;0.0;0.0;0.0;0.0;0.0;0.0;0;0;0;0;0;0;0;0;0;0;0;0;0.0;0.0;0.0;0.0;0.0;0.0;0.0;0.0;0.0;0.0;0.0;0.0;0.0;0.0;0.0;0.0;0;0;0;0;0;0;0;0;0;0;0;0;3.0;2;2.0;1;5;5;1.0;1;2.0;2;1;;;5.0;3.0;5.0;3.0;5;4.0;4.0;4.0;2022.0
28;Cambodia;KH;KHM;East Asia & Pacific;2;2;1;3;3;1.0;1.0;1.0;1.0;1.0;1.0;1.0;1.0;1.0;1.0;1.0;1.0;1.0;1.0;1.0;1.0;1;1;1;1;1;1;1;1;1;1;1;1;0.0;0.0;0.0;0.0;0.0;0.0;0.0;0.0;0.0;0.0;0.0;0.0;0.0;0.0;0.0;0.0;0;0;0;0;0;0;0;0;0;0;0;0;0.0;0.0;0.0;0.0;0.0;0.0;0.0;0.0;0.0;0.0;0.0;0.0;0.0;0.0;0.0;0.0;0;0;0;0;0;0;0;0;0;0;0;0;0.0;0.0;0.0;0.0;0.0;0.0;0.0;0.0;0.0;0.0;0.0;0.0;0.0;0.0;0.0;0.0;0;0;0;0;0;0;0;0;0;0;0;0;1.0;2;1.0;1;5;1;1.0;1;1.0;2;1;5.0;3.0;5.0;1.0;5.0;1.0;5;1.0;4.0;1.0;2022.0
29;Cameroon;CM;CMR;Sub-Saharan Africa;2;3;1;3;3;1.0;1.0;1.0;1.0;1.0;1.0;1.0;1.0;1.0;1.0;1.0;1.0;1.0;1.0;1.0;1.0;1;1;1;1;1;1;1;1;1;1;1;1;0.0;0.0;0.0;0.0;0.0;0.0;0.0;0.0;0.0;0.0;0.0;0.0;0.0;0.0;0.0;0.0;0;0;0;0;0;0;0;0;0;0;0;0;1.0;1.0;1.0;1.0;1.0;1.0;1.0;1.0;1.0;1.0;1.0;1.0;1.0;1.0;1.0;1.0;1;1;1;1;1;1;1;1;1;1;1;1;0.0;0.0;0.0;0.0;0.0;0.0;0.0;0.0;0.0;0.0;0.0;0.0;0.0;0.0;0.0;0.0;0;0;0;0;0;0;0;0;0;0;0;0;1.0;3;1.0;1;5;1;1.0;1;1.0;2;1;5.0;3.0;3.0;1.0;5.0;1.0;5;1.0;4.0;1.0;2022.0
30;Canada;CA;CAN;Americas;4;5;5;5;5;1.0;1.0;1.0;1.0;1.0;1.0;1.0;1.0;1.0;1.0;1.0;1.0;1.0;1.0;1.0;1.0;1;1;1;1;1;1;1;1;1;1;1;1;1.0;1.0;1.0;1.0;1.0;1.0;1.0;1.0;1.0;1.0;1.0;1.0;1.0;1.0;1.0;1.0;1;1;1;1;1;1;1;1;1;1;1;1;1.0;1.0;1.0;1.0;1.0;1.0;1.0;1.0;1.0;1.0;1.0;1.0;1.0;1.0;1.0;1.0;1;1;1;1;1;1;1;1;1;1;1;1;0.0;0.0;0.0;0.0;0.0;0.0;1.0;1.0;1.0;1.0;1.0;1.0;1.0;1.0;1.0;1.0;1;1;1;1;1;1;1;1;1;1;1;1;5.0;3;1.0;5;3;1;3.0;3;1.0;3;5;1.0;3.0;5.0;5.0;4.0;4.0;4;4.0;4.0;4.0;2022.0
31;Cabo Verde;CV;CPV;Sub-Saharan Africa;2;2;2;5;1;1.0;1.0;1.0;1.0;1.0;1.0;1.0;1.0;1.0;1.0;1.0;1.0;1.0;1.0;1.0;1.0;1;1;1;1;1;1;1;1;1;1;1;1;0.0;0.0;0.0;0.0;0.0;0.0;0.0;0.0;0.0;0.0;0.0;0.0;1.0;1.0;1.0;1.0;1;1;1;1;1;1;1;1;1;1;1;1;0.0;0.0;0.0;0.0;0.0;0.0;0.0;0.0;0.0;0.0;0.0;0.0;0.0;0.0;0.0;0.0;0;0;0;0;0;0;0;0;0;0;0;0;0.0;0.0;0.0;0.0;0.0;0.0;0.0;0.0;0.0;0.0;0.0;0.0;0.0;0.0;0.0;0.0;0;0;0;0;0;0;0;0;0;0;0;0;3.0;2;2.0;1;5;5;1.0;1;2.0;2;1;5.0;3.0;5.0;3.0;4.0;4.0;5;5.0;5.0;5.0;2022.0
32;Central African Republic;CF;CAF;Sub-Saharan Africa;1;3;1;3;3;1.0;1.0;1.0;1.0;1.0;1.0;1.0;1.0;1.0;1.0;1.0;1.0;1.0;1.0;1.0;1.0;1;1;1;1;1;1;1;1;1;1;1;1;0.0;0.0;0.0;0.0;0.0;0.0;0.0;0.0;0.0;0.0;0.0;0.0;0.0;0.0;0.0;0.0;0;0;0;0;0;0;0;0;0;0;0;0;1.0;1.0;1.0;1.0;1.0;1.0;1.0;1.0;1.0;1.0;1.0;1.0;1.0;1.0;1.0;1.0;1;1;1;1;1;1;1;1;1;1;1;1;0.0;0.0;0.0;0.0;0.0;0.0;0.0;0.0;0.0;0.0;0.0;0.0;0.0;0.0;0.0;0.0;0;0;0;0;0;0;0;0;0;0;0;0;1.0;3;1.0;1;3;1;1.0;1;1.0;2;1;5.0;3.0;3.0;1.0;4.0;1.0;4;1.0;5.0;1.0;2022.0
33;Chad;TD;TCD;Sub-Saharan Africa;1;3;2;5;3;1.0;1.0;1.0;1.0;1.0;1.0;1.0;1.0;1.0;1.0;1.0;1.0;1.0;1.0;1.0;1.0;1;1;1;1;1;1;1;1;1;1;1;1;0.0;0.0;0.0;0.0;0.0;0.0;0.0;0.0;0.0;1.0;1.0;1.0;1.0;1.0;1.0;1.0;1;1;1;1;1;1;1;1;1;1;1;1;1.0;1.0;1.0;1.0;1.0;1.0;1.0;1.0;1.0;1.0;1.0;1.0;1.0;1.0;1.0;1.0;1;1;1;1;1;1;1;1;1;1;1;1;0.0;0.0;0.0;0.0;0.0;0.0;0.0;0.0;0.0;0.0;0.0;0.0;0.0;0.0;0.0;0.0;0;0;0;0;0;0;0;0;0;0;0;0;3.0;3;2.0;1;5;5;1.0;1;2.0;2;1;5.0;3.0;3.0;3.0;4.0;4.0;4;4.0;4.0;4.0;2022.0
34;Chile;CL;CHL;Americas;4;4;3;5;3;1.0;1.0;1.0;1.0;1.0;1.0;1.0;1.0;1.0;1.0;1.0;1.0;1.0;1.0;1.0;1.0;1;1;1;1;1;1;1;1;1;1;1;1;1.0;1.0;1.0;1.0;1.0;1.0;1.0;1.0;1.0;1.0;1.0;1.0;1.0;1.0;1.0;1.0;1;1;1;1;1;1;1;1;1;1;1;1;1.0;1.0;1.0;1.0;1.0;1.0;1.0;1.0;1.0;1.0;1.0;1.0;1.0;1.0;1.0;1.0;1;1;1;1;1;1;1;1;1;1;1;1;0.0;0.0;0.0;0.0;0.0;0.0;0.0;0.0;0.0;0.0;0.0;0.0;0.0;0.0;0.0;0.0;0;0;0;0;0;0;0;0;0;0;0;0;3.0;4;2.0;1;5;5;1.0;1;5.0;5;3;5.0;5.0;5.0;5.0;5.0;5.0;4;4.0;5.0;5.0;2022.0
35;China;CN;CHN;East Asia & Pacific;2;3;2;5;3;1.0;1.0;1.0;1.0;1.0;1.0;1.0;1.0;1.0;1.0;1.0;1.0;1.0;1.0;1.0;1.0;1;1;1;1;1;1;1;1;1;1;1;1;0.0;0.0;0.0;0.0;0.0;0.0;0.0;0.0;0.0;0.0;0.0;0.0;0.0;0.0;0.0;0.0;0;0;0;0;0;0;0;1;1;1;1;1;0.0;0.0;0.0;0.0;0.0;0.0;0.0;0.0;0.0;0.0;0.0;0.0;0.0;0.0;0.0;0.0;0;1;1;1;1;1;1;1;1;1;1;1;0.0;0.0;0.0;0.0;0.0;0.0;0.0;0.0;0.0;0.0;0.0;0.0;0.0;0.0;0.0;0.0;0;0;0;0;0;0;0;0;0;0;0;0;3.0;3;2.0;1;5;5;1.0;1;;2;1;5.0;3.0;3.0;;3.0;;4;;5.0;;2022.0
36;Colombia;CO;COL;Americas;2;3;3;5;3;1.0;1.0;1.0;1.0;1.0;1.0;1.0;1.0;1.0;1.0;1.0;1.0;1.0;1.0;1.0;1.0;1;1;1;1;1;1;1;1;1;1;1;1;1.0;1.0;1.0;1.0;1.0;1.0;1.0;1.0;1.0;1.0;1.0;1.0;1.0;1.0;1.0;1.0;1;1;1;1;1;1;1;1;1;1;1;1;0.0;0.0;0.0;0.0;0.0;0.0;0.0;0.0;0.0;0.0;0.0;0.0;0.0;0.0;0.0;0.0;1;1;1;1;1;1;1;1;1;1;1;1;0.0;0.0;0.0;0.0;0.0;0.0;0.0;0.0;0.0;0.0;0.0;0.0;0.0;0.0;0.0;0.0;0;0;0;0;0;0;0;0;0;0;0;0;3.0;3;2.0;1;5;5;1.0;1;5.0;5;3;5.0;3.0;5.0;5.0;5.0;5.0;5;5.0;4.0;4.0;2022.0
37;Comoros;KM;COM;Sub-Saharan Africa;2;3;1;3;3;1.0;1.0;1.0;1.0;1.0;1.0;1.0;1.0;1.0;1.0;1.0;1.0;1.0;1.0;1.0;1.0;1;1;1;1;1;1;1;1;1;1;1;1;0.0;0.0;0.0;0.0;0.0;0.0;0.0;0.0;0.0;0.0;0.0;0.0;0.0;0.0;0.0;0.0;0;0;0;0;0;0;0;0;0;0;0;0;1.0;1.0;1.0;1.0;1.0;1.0;1.0;1.0;1.0;1.0;1.0;1.0;1.0;1.0;1.0;1.0;1;1;1;1;1;1;1;1;1;1;1;1;0.0;0.0;0.0;0.0;0.0;0.0;0.0;0.0;0.0;0.0;0.0;0.0;0.0;0.0;0.0;0.0;0;0;0;0;0;0;0;0;0;0;0;0;1.0;3;1.0;1;5;1;1.0;1;1.0;2;1;5.0;3.0;3.0;1.0;4.0;1.0;4;1.0;4.0;1.0;2022.0
38;Democratic Republic of the Congo;CD;COD;Sub-Saharan Africa;1;3;2;5;3;1.0;1.0;1.0;1.0;1.0;1.0;1.0;1.0;1.0;1.0;1.0;1.0;1.0;1.0;1.0;1.0;1;1;1;1;1;1;1;1;1;1;1;1;1.0;1.0;1.0;1.0;1.0;1.0;1.0;1.0;1.0;1.0;1.0;1.0;1.0;1.0;1.0;1.0;1;1;1;1;1;1;1;1;1;1;1;1;1.0;1.0;1.0;1.0;1.0;1.0;1.0;1.0;1.0;1.0;1.0;1.0;1.0;1.0;1.0;1.0;1;1;1;1;1;1;1;1;1;1;1;1;0.0;0.0;0.0;0.0;0.0;0.0;0.0;0.0;0.0;0.0;0.0;0.0;0.0;0.0;0.0;0.0;0;0;0;0;0;0;0;0;0;0;0;0;3.0;3;2.0;1;5;5;1.0;1;2.0;2;1;5.0;3.0;3.0;3.0;4.0;4.0;5;4.0;4.0;4.0;2022.0
39;Republic of the Congo;CG;COG;Sub-Saharan Africa;2;3;1;3;3;1.0;1.0;1.0;1.0;1.0;1.0;1.0;1.0;1.0;1.0;1.0;1.0;1.0;1.0;1.0;1.0;1;1;1;1;1;1;1;1;1;1;1;1;0.0;0.0;0.0;0.0;0.0;0.0;0.0;0.0;0.0;0.0;0.0;0.0;0.0;0.0;0.0;0.0;0;0;0;0;0;0;0;0;0;0;0;0;1.0;1.0;1.0;1.0;1.0;1.0;1.0;1.0;1.0;1.0;1.0;1.0;1.0;1.0;1.0;1.0;1;1;1;1;1;1;1;1;1;1;1;1;0.0;0.0;0.0;0.0;0.0;0.0;0.0;0.0;0.0;0.0;0.0;0.0;0.0;0.0;0.0;0.0;0;0;0;0;0;0;0;0;0;0;0;0;1.0;3;1.0;1;5;1;1.0;1;1.0;2;1;5.0;3.0;3.0;1.0;4.0;1.0;5;1.0;4.0;1.0;2022.0
40;Costa Rica;CR;CRI;Americas;2;3;1;3;3;1.0;1.0;1.0;1.0;1.0;1.0;1.0;1.0;1.0;1.0;1.0;1.0;1.0;1.0;1.0;1.0;1;1;1;1;1;1;1;1;1;1;1;1;0.0;0.0;0.0;0.0;0.0;0.0;0.0;0.0;0.0;0.0;0.0;0.0;0.0;0.0;0.0;0.0;0;0;0;0;0;0;0;0;0;0;0;0;1.0;1.0;1.0;1.0;1.0;1.0;1.0;1.0;1.0;1.0;1.0;1.0;1.0;1.0;1.0;1.0;1;1;1;1;1;1;1;1;1;1;1;1;0.0;0.0;0.0;0.0;0.0;0.0;0.0;0.0;0.0;0.0;0.0;0.0;0.0;0.0;0.0;0.0;0;0;0;0;0;0;0;0;0;0;0;0;1.0;3;1.0;1;5;1;1.0;1;1.0;5;2;5.0;3.0;5.0;1.0;5.0;1.0;5;1.0;4.0;1.0;2022.0
41;Cote d'Ivoire;CI;CIV;Sub-Saharan Africa;2;3;2;5;3;1.0;1.0;1.0;1.0;1.0;1.0;1.0;1.0;1.0;1.0;1.0;1.0;1.0;1.0;1.0;1.0;1;1;1;1;1;1;1;1;1;1;1;1;0.0;0.0;0.0;0.0;0.0;0.0;0.0;0.0;0.0;0.0;0.0;0.0;0.0;0.0;0.0;0.0;0;0;0;0;1;1;1;1;1;1;1;1;1.0;1.0;1.0;1.0;1.0;1.0;1.0;1.0;1.0;1.0;1.0;1.0;1.0;1.0;1.0;1.0;1;1;1;1;1;1;1;1;1;1;1;1;0.0;0.0;0.0;0.0;0.0;0.0;0.0;0.0;0.0;0.0;0.0;0.0;0.0;0.0;0.0;0.0;0;0;0;0;0;0;0;0;0;0;0;0;3.0;3;2.0;1;5;5;1.0;1;2.0;2;1;5.0;3.0;5.0;3.0;4.0;4.0;4;4.0;5.0;5.0;2022.0
42;Croatia;HR;HRV;Europe & Central Asia;4;5;5;5;5;1.0;1.0;1.0;1.0;1.0;1.0;1.0;1.0;1.0;1.0;1.0;1.0;1.0;1.0;1.0;1.0;1;1;1;1;1;1;1;1;1;1;1;1;1.0;1.0;1.0;1.0;1.0;1.0;1.0;1.0;1.0;1.0;1.0;1.0;1.0;1.0;1.0;1.0;1;1;1;1;1;1;1;1;1;1;1;1;1.0;1.0;1.0;1.0;1.0;1.0;1.0;1.0;1.0;1.0;1.0;1.0;1.0;1.0;1.0;1.0;1;1;1;1;1;1;1;1;1;1;1;1;1.0;1.0;1.0;1.0;1.0;1.0;1.0;1.0;1.0;1.0;1.0;1.0;1.0;1.0;1.0;1.0;1;1;1;1;1;1;1;1;1;1;1;1;5.0;4;2.0;4;5;5;2.0;5;2.0;3;5;5.0;5.0;5.0;5.0;4.0;4.0;4;4.0;5.0;5.0;2022.0
43;Cuba;CU;CUB;Americas;2;5;5;5;5;1.0;1.0;1.0;1.0;1.0;1.0;1.0;1.0;1.0;1.0;1.0;1.0;1.0;1.0;1.0;1.0;1;1;1;1;1;1;1;1;1;1;1;1;0.0;0.0;0.0;0.0;0.0;0.0;0.0;0.0;1.0;1.0;1.0;1.0;1.0;1.0;1.0;1.0;1;1;1;1;1;1;1;1;1;1;1;1;1.0;1.0;1.0;1.0;1.0;1.0;1.0;1.0;1.0;1.0;1.0;1.0;1.0;1.0;1.0;1.0;1;1;1;1;1;1;1;1;1;1;1;1;0.0;0.0;0.0;0.0;0.0;0.0;0.0;0.0;1.0;1.0;1.0;1.0;1.0;1.0;1.0;1.0;1;1;1;1;1;1;1;1;1;1;1;1;2.0;3;1.0;4;5;1;3.0;5;1.0;2;1;5.0;5.0;5.0;5.0;4.0;4.0;4;4.0;4.0;4.0;2022.0
44;Cyprus;CY;CYP;Europe & Central Asia;4;3;2;5;3;1.0;1.0;1.0;1.0;1.0;1.0;1.0;1.0;1.0;1.0;1.0;1.0;1.0;1.0;1.0;1.0;1;1;1;1;1;1;1;1;1;1;1;1;0.0;0.0;0.0;0.0;0.0;0.0;0.0;0.0;0.0;0.0;0.0;0.0;0.0;0.0;0.0;0.0;0;0;0;0;0;0;1;1;1;1;1;1;1.0;1.0;1.0;1.0;1.0;1.0;1.0;1.0;1.0;1.0;1.0;1.0;1.0;1.0;1.0;1.0;1;1;1;1;1;1;1;1;1;1;1;1;0.0;0.0;0.0;0.0;0.0;0.0;0.0;0.0;0.0;0.0;0.0;0.0;0.0;0.0;0.0;0.0;0;0;0;0;0;0;0;0;0;0;0;0;3.0;3;2.0;1;4;4;1.0;1;5.0;5;3;5.0;3.0;5.0;5.0;4.0;4.0;4;4.0;5.0;5.0;2022.0
45;Czech Republic;CZ;CZE;Europe & Central Asia;4;5;5;5;5;1.0;1.0;1.0;1.0;1.0;1.0;1.0;1.0;1.0;1.0;1.0;1.0;1.0;1.0;1.0;1.0;1;1;1;1;1;1;1;1;1;1;1;1;0.0;0.0;0.0;0.0;0.0;0.0;1.0;1.0;1.0;1.0;1.0;1.0;1.0;1.0;1.0;1.0;1;1;1;1;1;1;1;1;1;1;1;1;1.0;1.0;1.0;1.0;1.0;1.0;1.0;1.0;1.0;1.0;1.0;1.0;1.0;1.0;1.0;1.0;1;1;1;1;1;1;1;1;1;1;1;1;0.0;0.0;0.0;0.0;0.0;0.0;1.0;1.0;1.0;1.0;1.0;1.0;1.0;1.0;1.0;1.0;1;1;1;1;1;1;1;1;1;1;1;1;3.0;4;2.0;5;4;4;;5;5.0;5;5;5.0;5.0;5.0;5.0;4.0;4.0;4;4.0;4.0;4.0;2022.0
46;Denmark;DK;DNK;Europe & Central Asia;4;5;5;5;5;1.0;1.0;1.0;1.0;1.0;1.0;1.0;1.0;1.0;1.0;1.0;1.0;1.0;1.0;1.0;1.0;1;1;1;1;1;1;1;1;1;1;1;1;1.0;1.0;1.0;1.0;1.0;1.0;1.0;1.0;1.0;1.0;1.0;1.0;1.0;1.0;1.0;1.0;1;1;1;1;1;1;1;1;1;1;1;1;1.0;1.0;1.0;1.0;1.0;1.0;1.0;1.0;1.0;1.0;1.0;1.0;1.0;1.0;1.0;1.0;1;1;1;1;1;1;1;1;1;1;1;1;1.0;1.0;1.0;1.0;1.0;1.0;1.0;1.0;1.0;1.0;1.0;1.0;1.0;1.0;1.0;1.0;1;1;1;1;1;1;1;1;1;1;1;1;3.0;3;2.0;4;5;5;4.0;5;5.0;5;5;1.0;3.0;5.0;5.0;4.0;4.0;4;4.0;5.0;5.0;2022.0
47;Djibouti;DJ;DJI;Middle East & North Africa;2;4;2;5;3;1.0;1.0;1.0;1.0;1.0;1.0;1.0;1.0;1.0;1.0;1.0;1.0;1.0;1.0;1.0;1.0;1;1;1;1;1;1;1;1;1;1;1;1;0.0;0.0;0.0;0.0;0.0;0.0;0.0;0.0;0.0;0.0;0.0;1.0;1.0;1.0;1.0;1.0;1;1;1;1;1;1;1;1;1;1;1;1;1.0;1.0;1.0;1.0;1.0;1.0;1.0;1.0;1.0;1.0;1.0;1.0;1.0;1.0;1.0;1.0;1;1;1;1;1;1;1;1;1;1;1;1;0.0;0.0;0.0;0.0;0.0;0.0;0.0;0.0;0.0;0.0;0.0;0.0;0.0;0.0;0.0;0.0;0;0;0;0;0;0;0;0;0;0;0;0;3.0;4;2.0;1;5;5;1.0;1;2.0;2;1;5.0;5.0;3.0;3.0;4.0;4.0;4;4.0;4.0;4.0;2022.0
48;Dominica;DM;DMA;Americas;2;2;1;3;3;1.0;1.0;1.0;1.0;1.0;1.0;1.0;1.0;1.0;1.0;1.0;1.0;1.0;1.0;1.0;1.0;1;1;1;1;1;1;1;1;1;1;1;1;0.0;0.0;0.0;0.0;0.0;0.0;0.0;0.0;0.0;0.0;0.0;0.0;0.0;0.0;0.0;0.0;0;0;0;0;0;0;0;0;0;0;0;0;0.0;0.0;0.0;0.0;0.0;0.0;0.0;0.0;0.0;0.0;0.0;0.0;0.0;0.0;0.0;0.0;0;0;0;0;0;0;0;0;0;0;0;0;0.0;0.0;0.0;0.0;0.0;0.0;0.0;0.0;0.0;0.0;0.0;0.0;0.0;0.0;0.0;0.0;0;0;0;0;0;0;0;0;0;0;0;0;1.0;2;1.0;1;3;1;1.0;1;1.0;2;1;1.0;1.0;5.0;1.0;3.0;1.0;3;1.0;2.0;1.0;2022.0
49;Dominican Republic;DO;DOM;Americas;2;3;2;5;3;1.0;1.0;1.0;1.0;1.0;1.0;1.0;1.0;1.0;1.0;1.0;1.0;1.0;1.0;1.0;1.0;1;1;1;1;1;1;1;1;1;1;1;1;1.0;1.0;1.0;1.0;1.0;1.0;1.0;1.0;1.0;1.0;1.0;1.0;1.0;1.0;1.0;1.0;1;1;1;1;1;1;1;1;1;1;1;1;0.0;0.0;0.0;0.0;0.0;0.0;0.0;0.0;0.0;0.0;0.0;0.0;0.0;0.0;0.0;0.0;0;0;0;0;0;0;1;1;1;1;1;1;0.0;0.0;0.0;0.0;0.0;0.0;0.0;0.0;0.0;0.0;0.0;0.0;0.0;0.0;0.0;0.0;0;0;0;0;0;0;0;0;0;0;0;0;3.0;3;2.0;1;5;5;1.0;1;2.0;2;1;5.0;3.0;5.0;3.0;;5.0;3;3.0;4.0;4.0;2022.0
50;Ecuador;EC;ECU;Americas;2;2;2;5;3;1.0;1.0;1.0;1.0;1.0;1.0;1.0;1.0;1.0;1.0;1.0;1.0;1.0;1.0;1.0;1.0;1;1;1;1;1;1;1;1;1;1;1;1;0.0;0.0;0.0;0.0;0.0;0.0;0.0;0.0;0.0;0.0;0.0;0.0;0.0;0.0;1.0;1.0;1;1;1;1;1;1;1;1;1;1;1;1;0.0;0.0;0.0;0.0;0.0;0.0;0.0;0.0;0.0;0.0;0.0;0.0;0.0;0.0;0.0;0.0;0;0;0;0;0;0;0;0;0;0;0;0;0.0;0.0;0.0;0.0;0.0;0.0;0.0;0.0;0.0;0.0;0.0;0.0;0.0;0.0;0.0;0.0;0;0;0;0;0;0;0;0;0;0;0;0;3.0;2;2.0;1;5;5;1.0;1;2.0;3;5;5.0;3.0;5.0;5.0;5.0;5.0;5;5.0;5.0;5.0;2022.0
51;Egypt;EG;EGY;Middle East & North Africa;2;2;1;3;3;1.0;1.0;1.0;1.0;1.0;1.0;1.0;1.0;1.0;1.0;1.0;1.0;1.0;1.0;1.0;1.0;1;1;1;1;1;1;1;1;1;1;1;1;0.0;0.0;0.0;0.0;0.0;0.0;0.0;0.0;0.0;0.0;0.0;0.0;0.0;0.0;0.0;0.0;0;0;0;0;0;0;0;0;0;0;0;0;0.0;0.0;0.0;0.0;0.0;0.0;0.0;0.0;0.0;0.0;0.0;0.0;0.0;0.0;0.0;0.0;0;0;0;0;0;0;0;0;0;0;0;0;0.0;0.0;0.0;0.0;0.0;0.0;0.0;0.0;0.0;0.0;0.0;0.0;0.0;0.0;0.0;0.0;0;0;0;0;0;0;0;0;0;0;0;0;1.0;2;1.0;1;5;1;1.0;1;1.0;2;1;5.0;3.0;5.0;1.0;4.0;1.0;3;1.0;4.0;1.0;2022.0
52;El Salvador;SV;SLV;Americas;2;3;2;5;3;1.0;1.0;1.0;1.0;1.0;1.0;1.0;1.0;1.0;1.0;1.0;1.0;1.0;1.0;1.0;1.0;1;1;1;1;1;1;1;1;1;1;1;1;0.0;0.0;0.0;0.0;0.0;0.0;0.0;0.0;0.0;0.0;0.0;0.0;0.0;0.0;0.0;0.0;0;0;1;1;1;1;1;1;1;1;1;1;0.0;0.0;0.0;0.0;0.0;0.0;0.0;0.0;0.0;0.0;0.0;0.0;0.0;0.0;0.0;0.0;0;0;0;0;0;1;1;1;1;1;1;1;0.0;0.0;0.0;0.0;0.0;0.0;0.0;0.0;0.0;0.0;0.0;0.0;0.0;0.0;0.0;0.0;0;0;0;0;0;0;0;0;0;0;0;0;3.0;3;2.0;1;5;5;1.0;1;2.0;5;5;5.0;3.0;5.0;3.0;3.0;4.0;5;4.0;4.0;4.0;2022.0
53;Equatorial Guinea;GQ;GNQ;Sub-Saharan Africa;2;2;2;5;3;1.0;1.0;1.0;1.0;1.0;1.0;1.0;1.0;1.0;1.0;1.0;1.0;1.0;1.0;1.0;1.0;1;1;1;1;1;1;1;1;1;1;1;1;0.0;0.0;0.0;0.0;0.0;0.0;0.0;0.0;0.0;0.0;0.0;0.0;0.0;0.0;0.0;0.0;0;1;1;1;1;1;1;1;1;1;1;1;0.0;0.0;0.0;0.0;0.0;0.0;0.0;0.0;0.0;0.0;0.0;0.0;0.0;0.0;0.0;0.0;0;0;0;0;0;0;0;0;0;0;0;0;0.0;0.0;0.0;0.0;0.0;0.0;0.0;0.0;0.0;0.0;0.0;0.0;0.0;0.0;0.0;0.0;0;0;0;0;0;0;0;0;0;0;0;0;3.0;2;2.0;1;4;5;1.0;1;2.0;2;1;5.0;3.0;5.0;3.0;4.0;4.0;5;5.0;4.0;4.0;2022.0
54;Eritrea;ER;ERI;Sub-Saharan Africa;1;2;1;3;1;0.0;0.0;0.0;0.0;0.0;0.0;1.0;1.0;1.0;1.0;1.0;1.0;1.0;1.0;1.0;1.0;1;1;1;1;1;1;1;1;1;1;1;1;0.0;0.0;0.0;0.0;0.0;0.0;0.0;0.0;0.0;0.0;0.0;0.0;0.0;0.0;0.0;0.0;0;0;0;0;0;0;0;0;0;0;0;0;0.0;0.0;0.0;0.0;0.0;0.0;0.0;0.0;0.0;0.0;0.0;0.0;0.0;0.0;0.0;0.0;0;0;0;0;0;0;0;0;0;0;0;0;0.0;0.0;0.0;0.0;0.0;0.0;0.0;0.0;0.0;0.0;0.0;0.0;0.0;0.0;0.0;0.0;0;0;0;0;0;0;0;0;0;0;0;0;1.0;2;1.0;1;5;1;1.0;1;1.0;2;1;1.0;1.0;3.0;1.0;4.0;1.0;4;1.0;4.0;1.0;2022.0
55;Estonia;EE;EST;Europe & Central Asia;4;5;5;5;5;1.0;1.0;1.0;1.0;1.0;1.0;1.0;1.0;1.0;1.0;1.0;1.0;1.0;1.0;1.0;1.0;1;1;1;1;1;1;1;1;1;1;1;1;0.0;0.0;0.0;0.0;0.0;0.0;0.0;1.0;1.0;1.0;1.0;1.0;1.0;1.0;1.0;1.0;1;1;1;1;1;1;1;1;1;1;1;1;1.0;1.0;1.0;1.0;1.0;1.0;1.0;1.0;1.0;1.0;1.0;1.0;1.0;1.0;1.0;1.0;1;1;1;1;1;1;1;1;1;1;1;1;0.0;0.0;0.0;0.0;0.0;0.0;0.0;0.0;0.0;1.0;1.0;1.0;1.0;1.0;1.0;1.0;1;1;1;1;1;1;1;1;1;1;1;1;4.0;3;3.0;5;5;5;5.0;5;2.0;3;5;5.0;5.0;5.0;5.0;4.0;4.0;4;4.0;4.0;4.0;2022.0
56;Ethiopia;ET;ETH;Sub-Saharan Africa;1;3;2;5;3;1.0;1.0;1.0;1.0;1.0;1.0;1.0;1.0;1.0;1.0;1.0;1.0;1.0;1.0;1.0;1.0;1;1;1;1;1;1;1;1;1;1;1;1;0.0;0.0;0.0;0.0;0.0;0.0;0.0;0.0;0.0;0.0;0.0;0.0;0.0;0.0;0.0;0.0;0;0;0;0;0;0;0;0;1;1;1;1;0.0;0.0;0.0;0.0;0.0;0.0;0.0;0.0;0.0;0.0;0.0;0.0;0.0;0.0;0.0;0.0;0;0;0;0;0;0;0;0;1;1;1;1;0.0;0.0;0.0;0.0;0.0;0.0;0.0;0.0;0.0;0.0;0.0;0.0;0.0;0.0;0.0;0.0;0;0;0;0;0;0;0;0;0;0;0;0;3.0;3;2.0;1;5;5;1.0;1;2.0;2;1;1.0;1.0;3.0;3.0;5.0;5.0;4;4.0;4.0;4.0;2022.0
57;Fiji;FJ;FJI;East Asia & Pacific;2;3;2;5;3;1.0;1.0;1.0;1.0;1.0;1.0;1.0;1.0;1.0;1.0;1.0;1.0;1.0;1.0;1.0;1.0;1;1;1;1;1;1;1;1;1;1;1;1;0.0;0.0;0.0;0.0;0.0;0.0;0.0;0.0;0.0;0.0;0.0;0.0;0.0;0.0;0.0;0.0;0;0;0;0;0;0;0;1;1;1;1;1;0.0;0.0;0.0;0.0;0.0;0.0;0.0;0.0;0.0;0.0;0.0;0.0;0.0;0.0;0.0;0.0;0;0;0;0;0;0;0;1;1;1;1;1;0.0;0.0;0.0;0.0;0.0;0.0;0.0;0.0;0.0;0.0;0.0;0.0;0.0;0.0;0.0;0.0;0;0;0;0;0;0;0;0;0;0;0;0;3.0;3;2.0;1;3;3;1.0;1;2.0;2;1;1.0;1.0;3.0;3.0;4.0;4.0;5;5.0;5.0;5.0;2022.0
58;Finland;FI;FIN;Europe & Central Asia;4;4;5;5;5;1.0;1.0;1.0;1.0;1.0;1.0;1.0;1.0;1.0;1.0;1.0;1.0;1.0;1.0;1.0;1.0;1;1;1;1;1;1;1;1;1;1;1;1;1.0;1.0;1.0;1.0;1.0;1.0;1.0;1.0;1.0;1.0;1.0;1.0;1.0;1.0;1.0;1.0;1;1;1;1;1;1;1;1;1;1;1;1;1.0;1.0;1.0;1.0;1.0;1.0;1.0;1.0;1.0;1.0;1.0;1.0;1.0;1.0;1.0;1.0;1;1;1;1;1;1;1;1;1;1;1;1;1.0;1.0;1.0;1.0;1.0;1.0;1.0;1.0;1.0;1.0;1.0;1.0;1.0;1.0;1.0;1.0;1;1;1;1;1;1;1;1;1;1;1;1;4.0;3;3.0;4;4;4;2.0;5;5.0;5;5;1.0;3.0;5.0;5.0;5.0;5.0;5;5.0;5.0;5.0;2022.0
59;France;FR;FRA;Europe & Central Asia;4;4;5;5;5;1.0;1.0;1.0;1.0;1.0;1.0;1.0;1.0;1.0;1.0;1.0;1.0;1.0;1.0;1.0;1.0;1;1;1;1;1;1;1;1;1;1;1;1;1.0;1.0;1.0;1.0;1.0;1.0;1.0;1.0;1.0;1.0;1.0;1.0;1.0;1.0;1.0;1.0;1;1;1;1;1;1;1;1;1;1;1;1;1.0;1.0;1.0;1.0;1.0;1.0;1.0;1.0;1.0;1.0;1.0;1.0;1.0;1.0;1.0;1.0;1;1;1;1;1;1;1;1;1;1;1;1;0.0;0.0;0.0;0.0;0.0;0.0;0.0;0.0;0.0;1.0;1.0;1.0;1.0;1.0;1.0;1.0;1;1;1;1;1;1;1;1;1;1;1;1;5.0;4;5.0;1;2;2;1.0;1;5.0;5;5;5.0;5.0;5.0;5.0;5.0;5.0;5;5.0;5.0;5.0;2022.0
60;Gabon;GA;GAB;Sub-Saharan Africa;2;3;2;5;3;1.0;1.0;1.0;1.0;1.0;1.0;1.0;1.0;1.0;1.0;1.0;1.0;1.0;1.0;1.0;1.0;1;1;1;1;1;1;1;1;1;1;1;1;0.0;0.0;0.0;0.0;0.0;0.0;0.0;0.0;0.0;0.0;0.0;0.0;0.0;0.0;0.0;0.0;0;0;0;0;0;0;0;0;0;0;1;1;1.0;1.0;1.0;1.0;1.0;1.0;1.0;1.0;1.0;1.0;1.0;1.0;1.0;1.0;1.0;1.0;1;1;1;1;1;1;1;1;1;1;1;1;0.0;0.0;0.0;0.0;0.0;0.0;0.0;0.0;0.0;0.0;0.0;0.0;0.0;0.0;0.0;0.0;0;0;0;0;0;0;0;0;0;0;0;0;3.0;3;2.0;1;5;5;1.0;1;2.0;2;1;5.0;3.0;5.0;3.0;4.0;4.0;4;4.0;4.0;4.0;2022.0
61;The Gambia;GM;GMB;Sub-Saharan Africa;1;4;2;5;3;1.0;1.0;1.0;1.0;1.0;1.0;1.0;1.0;1.0;1.0;1.0;1.0;1.0;1.0;1.0;1.0;1;1;1;1;1;1;1;1;1;1;1;1;0.0;0.0;0.0;0.0;0.0;0.0;0.0;0.0;0.0;0.0;0.0;0.0;0.0;0.0;0.0;1.0;1;1;1;1;1;1;1;1;1;1;1;1;0.0;0.0;0.0;0.0;0.0;0.0;0.0;0.0;0.0;0.0;0.0;0.0;0.0;0.0;0.0;1.0;1;1;1;1;1;1;1;1;1;1;1;1;0.0;0.0;0.0;0.0;0.0;0.0;0.0;0.0;0.0;0.0;0.0;0.0;0.0;0.0;0.0;0.0;0;0;0;0;0;0;0;0;0;0;0;0;3.0;4;2.0;1;5;5;1.0;1;2.0;2;1;1.0;3.0;3.0;3.0;4.0;4.0;4;4.0;4.0;4.0;2022.0
62;Georgia;GE;GEO;Europe & Central Asia;2;4;5;5;5;1.0;1.0;1.0;1.0;1.0;1.0;1.0;1.0;1.0;1.0;1.0;1.0;1.0;1.0;1.0;1.0;1;1;1;1;1;1;1;1;1;1;1;1;1.0;1.0;1.0;1.0;1.0;1.0;1.0;1.0;1.0;1.0;1.0;1.0;1.0;1.0;1.0;1.0;1;1;1;1;1;1;1;1;1;1;1;1;1.0;1.0;1.0;1.0;1.0;1.0;1.0;1.0;1.0;1.0;1.0;1.0;1.0;1.0;1.0;1.0;1;1;1;1;1;1;1;1;1;1;1;1;1.0;1.0;1.0;1.0;1.0;1.0;1.0;1.0;1.0;1.0;1.0;1.0;1.0;1.0;1.0;1.0;1;1;1;1;1;1;1;1;1;1;1;1;2.0;3;1.0;2;5;1;5.0;5;1.0;3;5;5.0;5.0;3.0;3.0;4.0;4.0;4;4.0;5.0;5.0;2022.0
63;Germany;DE;DEU;Europe & Central Asia;4;5;5;5;5;1.0;1.0;1.0;1.0;1.0;1.0;1.0;1.0;1.0;1.0;1.0;1.0;1.0;1.0;1.0;1.0;1;1;1;1;1;1;1;1;1;1;1;1;1.0;1.0;1.0;1.0;1.0;1.0;1.0;1.0;1.0;1.0;1.0;1.0;1.0;1.0;1.0;1.0;1;1;1;1;1;1;1;1;1;1;1;1;1.0;1.0;1.0;1.0;1.0;1.0;1.0;1.0;1.0;1.0;1.0;1.0;1.0;1.0;1.0;1.0;1;1;1;1;1;1;1;1;1;1;1;1;1.0;1.0;1.0;1.0;1.0;1.0;1.0;1.0;1.0;1.0;1.0;1.0;1.0;1.0;1.0;1.0;1;1;1;1;1;1;1;1;1;1;1;1;5.0;3;1.0;4;5;1;3.0;5;1.0;5;5;5.0;5.0;5.0;5.0;4.0;4.0;4;4.0;5.0;5.0;2022.0
64;Ghana;GH;GHA;Sub-Saharan Africa;2;2;1;3;3;1.0;1.0;1.0;1.0;1.0;1.0;1.0;1.0;1.0;1.0;1.0;1.0;1.0;1.0;1.0;1.0;1;1;1;1;1;1;1;1;1;1;1;1;0.0;0.0;0.0;0.0;0.0;0.0;0.0;0.0;0.0;0.0;0.0;0.0;0.0;0.0;0.0;0.0;0;0;0;0;0;0;0;0;0;0;0;0;0.0;0.0;0.0;0.0;0.0;0.0;0.0;0.0;0.0;0.0;0.0;0.0;0.0;0.0;0.0;0.0;0;0;0;0;0;0;0;0;0;0;0;0;0.0;0.0;0.0;0.0;0.0;0.0;0.0;0.0;0.0;0.0;0.0;0.0;0.0;0.0;0.0;0.0;0;0;0;0;0;0;0;0;0;0;0;0;1.0;2;1.0;1;5;1;1.0;1;1.0;2;1;5.0;3.0;3.0;1.0;4.0;1.0;5;1.0;5.0;1.0;2022.0
65;Greece;GR;GRC;Europe & Central Asia;4;4;2;5;3;1.0;1.0;1.0;1.0;1.0;1.0;1.0;1.0;1.0;1.0;1.0;1.0;1.0;1.0;1.0;1.0;1;1;1;1;1;1;1;1;1;1;1;1;0.0;0.0;0.0;0.0;0.0;1.0;1.0;1.0;1.0;1.0;1.0;1.0;1.0;1.0;1.0;1.0;1;1;1;1;1;1;1;1;1;1;1;1;1.0;1.0;1.0;1.0;1.0;1.0;1.0;1.0;1.0;1.0;1.0;1.0;1.0;1.0;1.0;1.0;1;1;1;1;1;1;1;1;1;1;1;1;0.0;0.0;0.0;0.0;0.0;0.0;0.0;0.0;0.0;0.0;0.0;0.0;0.0;0.0;0.0;0.0;0;0;0;0;0;0;0;0;0;0;0;0;3.0;4;2.0;1;2;5;1.0;1;2.0;3;2;5.0;5.0;5.0;3.0;4.0;4.0;4;4.0;5.0;4.0;2022.0
66;Grenada;GD;GRD;Americas;2;2;1;3;3;1.0;1.0;1.0;1.0;1.0;1.0;1.0;1.0;1.0;1.0;1.0;1.0;1.0;1.0;1.0;1.0;1;1;1;1;1;1;1;1;1;1;1;1;0.0;0.0;0.0;0.0;0.0;0.0;0.0;0.0;0.0;0.0;0.0;0.0;0.0;0.0;0.0;0.0;0;0;0;0;0;0;0;0;0;0;0;0;0.0;0.0;0.0;0.0;0.0;0.0;0.0;0.0;0.0;0.0;0.0;0.0;0.0;0.0;0.0;0.0;0;0;0;0;0;0;0;0;0;0;0;0;0.0;0.0;0.0;0.0;0.0;0.0;0.0;0.0;0.0;0.0;0.0;0.0;0.0;0.0;0.0;0.0;0;0;0;0;0;0;0;0;0;0;0;0;1.0;2;1.0;1;3;1;1.0;1;1.0;2;1;1.0;1.0;5.0;1.0;4.0;1.0;4;1.0;4.0;1.0;2022.0
67;Guatemala;GT;GTM;Americas;2;2;2;5;3;1.0;1.0;1.0;1.0;1.0;1.0;1.0;1.0;1.0;1.0;1.0;1.0;1.0;1.0;1.0;1.0;1;1;1;1;1;1;1;1;1;1;1;1;1.0;1.0;1.0;1.0;1.0;1.0;1.0;1.0;1.0;1.0;1.0;1.0;1.0;1.0;1.0;1.0;1;1;1;1;1;1;1;1;1;1;1;1;0.0;0.0;0.0;0.0;0.0;0.0;0.0;0.0;0.0;0.0;0.0;0.0;0.0;0.0;0.0;0.0;0;0;0;0;0;0;0;0;0;0;0;0;0.0;0.0;0.0;0.0;0.0;0.0;0.0;0.0;0.0;0.0;0.0;0.0;0.0;0.0;0.0;0.0;0;0;0;0;0;0;0;0;0;0;0;0;3.0;2;2.0;1;5;5;1.0;1;2.0;3;2;5.0;3.0;3.0;3.0;4.0;4.0;5;4.0;4.0;4.0;2022.0
68;Guinea;GN;GIN;Sub-Saharan Africa;1;3;1;3;3;1.0;1.0;1.0;1.0;1.0;1.0;1.0;1.0;1.0;1.0;1.0;1.0;1.0;1.0;1.0;1.0;1;1;1;1;1;1;1;1;1;1;1;1;0.0;0.0;0.0;0.0;0.0;0.0;0.0;0.0;0.0;0.0;0.0;0.0;0.0;0.0;0.0;0.0;0;0;0;0;0;0;0;0;0;0;0;0;1.0;1.0;1.0;1.0;1.0;1.0;1.0;1.0;1.0;1.0;1.0;1.0;1.0;1.0;1.0;1.0;1;1;1;1;1;1;1;1;1;1;1;1;0.0;0.0;0.0;0.0;0.0;0.0;0.0;0.0;0.0;0.0;0.0;0.0;0.0;0.0;0.0;0.0;0;0;0;0;0;0;0;0;0;0;0;0;1.0;3;1.0;1;5;1;1.0;1;1.0;2;1;5.0;3.0;3.0;1.0;5.0;1.0;5;1.0;4.0;1.0;2022.0
69;Guinea-Bissau;GW;GNB;Sub-Saharan Africa;1;2;1;3;1;1.0;1.0;1.0;1.0;1.0;1.0;1.0;1.0;1.0;1.0;1.0;1.0;1.0;1.0;1.0;1.0;1;1;1;1;1;1;1;1;1;1;1;1;0.0;0.0;0.0;0.0;0.0;0.0;0.0;0.0;0.0;0.0;0.0;0.0;0.0;0.0;0.0;0.0;0;0;0;0;0;0;0;0;0;0;0;0;0.0;0.0;0.0;0.0;0.0;0.0;0.0;0.0;0.0;0.0;0.0;0.0;0.0;0.0;0.0;0.0;0;0;0;0;0;0;0;0;0;0;0;0;0.0;0.0;0.0;0.0;0.0;0.0;0.0;0.0;0.0;0.0;0.0;0.0;0.0;0.0;0.0;0.0;0;0;0;0;0;0;0;0;0;0;0;0;1.0;2;1.0;1;5;1;1.0;1;1.0;2;1;5.0;3.0;;1.0;5.0;1.0;4;1.0;4.0;1.0;2022.0
70;Guyana;GY;GUY;Americas;2;2;1;3;3;1.0;1.0;1.0;1.0;1.0;1.0;1.0;1.0;1.0;1.0;1.0;1.0;1.0;1.0;1.0;1.0;1;1;1;1;1;1;1;1;1;1;1;1;0.0;0.0;0.0;0.0;0.0;0.0;0.0;0.0;0.0;0.0;0.0;0.0;0.0;0.0;0.0;0.0;0;0;0;0;0;0;0;0;0;0;0;0;0.0;0.0;0.0;0.0;0.0;0.0;0.0;0.0;0.0;0.0;0.0;0.0;0.0;0.0;0.0;0.0;0;0;0;0;0;0;0;0;0;0;0;0;0.0;0.0;0.0;0.0;0.0;0.0;0.0;0.0;0.0;0.0;0.0;0.0;0.0;0.0;0.0;0.0;0;0;0;0;0;0;0;0;0;0;0;0;1.0;2;1.0;1;4;1;1.0;1;1.0;2;1;1.0;1.0;5.0;1.0;4.0;1.0;4;1.0;4.0;1.0;2022.0
71;Haiti;HT;HTI;Americas;2;2;1;3;3;1.0;1.0;1.0;1.0;1.0;1.0;1.0;1.0;1.0;1.0;1.0;1.0;1.0;1.0;1.0;1.0;1;1;1;1;1;1;1;1;1;1;1;1;0.0;0.0;0.0;0.0;0.0;0.0;0.0;0.0;0.0;0.0;0.0;0.0;0.0;0.0;0.0;0.0;0;0;0;0;0;0;0;0;0;0;0;0;0.0;0.0;0.0;0.0;0.0;0.0;0.0;0.0;0.0;0.0;0.0;0.0;0.0;0.0;0.0;0.0;0;0;0;0;0;0;0;0;0;0;0;0;0.0;0.0;0.0;0.0;0.0;0.0;0.0;0.0;0.0;0.0;0.0;0.0;0.0;0.0;0.0;0.0;0;0;0;0;0;0;0;0;0;0;0;0;1.0;2;1.0;1;5;1;1.0;1;1.0;2;1;5.0;3.0;5.0;1.0;5.0;1.0;5;1.0;4.0;1.0;2022.0
72;Honduras;HN;HND;Americas;2;2;1;3;3;1.0;1.0;1.0;1.0;1.0;1.0;1.0;1.0;1.0;1.0;1.0;1.0;1.0;1.0;1.0;1.0;1;1;1;1;1;1;1;1;1;1;1;1;0.0;0.0;0.0;0.0;0.0;0.0;0.0;0.0;0.0;0.0;0.0;0.0;0.0;0.0;0.0;0.0;0;0;0;0;0;0;0;0;0;0;0;0;0.0;0.0;0.0;0.0;0.0;0.0;0.0;0.0;0.0;0.0;0.0;0.0;0.0;0.0;0.0;0.0;0;0;0;0;0;0;0;0;0;0;0;0;0.0;0.0;0.0;0.0;0.0;0.0;0.0;0.0;0.0;0.0;0.0;0.0;0.0;0.0;0.0;0.0;0;0;0;0;0;0;0;0;0;0;0;0;1.0;2;1.0;1;5;1;1.0;1;1.0;5;2;5.0;3.0;5.0;1.0;5.0;1.0;5;1.0;3.0;1.0;2022.0
73;Hungary;HU;HUN;Europe & Central Asia;4;5;5;5;5;1.0;1.0;1.0;1.0;1.0;1.0;1.0;1.0;1.0;1.0;1.0;1.0;1.0;1.0;1.0;1.0;1;1;1;1;1;1;1;1;1;1;1;1;1.0;1.0;1.0;1.0;1.0;1.0;1.0;1.0;1.0;1.0;1.0;1.0;1.0;1.0;1.0;1.0;1;1;1;1;1;1;1;1;1;1;1;1;1.0;1.0;1.0;1.0;1.0;1.0;1.0;1.0;1.0;1.0;1.0;1.0;1.0;1.0;1.0;1.0;1;1;1;1;1;1;1;1;1;1;1;1;1.0;1.0;1.0;1.0;1.0;1.0;1.0;1.0;1.0;1.0;1.0;1.0;1.0;1.0;1.0;1.0;1;1;1;1;1;1;1;1;1;1;1;1;3.0;3;2.0;5;4;5;2.0;5;2.0;3;5;5.0;5.0;5.0;5.0;4.0;4.0;4;4.0;5.0;5.0;2022.0
74;Iceland;IS;ISL;Europe & Central Asia;4;4;5;5;5;1.0;1.0;1.0;1.0;1.0;1.0;1.0;1.0;1.0;1.0;1.0;1.0;1.0;1.0;1.0;1.0;1;1;1;1;1;1;1;1;1;1;1;1;1.0;1.0;1.0;1.0;1.0;1.0;1.0;1.0;1.0;1.0;1.0;1.0;1.0;1.0;1.0;1.0;1;1;1;1;1;1;1;1;1;1;1;1;1.0;1.0;1.0;1.0;1.0;1.0;1.0;1.0;1.0;1.0;1.0;1.0;1.0;1.0;1.0;1.0;1;1;1;1;1;1;1;1;1;1;1;1;1.0;1.0;1.0;1.0;1.0;1.0;1.0;1.0;1.0;1.0;1.0;1.0;1.0;1.0;1.0;1.0;1;1;1;1;1;1;1;1;1;1;1;1;5.0;3;4.0;2;5;5;5.0;5;5.0;5;5;1.0;3.0;5.0;5.0;4.0;4.0;4;4.0;5.0;5.0;2022.0
75;India;IN;IND;South Asia;2;4;1;3;3;1.0;1.0;1.0;1.0;1.0;1.0;1.0;1.0;1.0;1.0;1.0;1.0;1.0;1.0;1.0;1.0;1;1;1;1;1;1;1;1;1;1;1;1;0.0;0.0;0.0;0.0;0.0;0.0;0.0;0.0;0.0;0.0;0.0;0.0;0.0;0.0;0.0;0.0;0;0;0;0;0;0;0;0;0;0;0;0;0.0;0.0;0.0;0.0;0.0;0.0;0.0;0.0;0.0;0.0;0.0;0.0;0.0;0.0;0.0;0.0;0;0;0;0;0;0;1;1;1;1;1;1;0.0;0.0;0.0;0.0;0.0;0.0;0.0;0.0;0.0;0.0;0.0;0.0;0.0;0.0;0.0;0.0;0;0;0;0;0;0;0;0;0;0;0;0;1.0;4;1.0;1;5;1;1.0;1;1.0;3;2;5.0;5.0;3.0;1.0;5.0;1.0;3;1.0;4.0;1.0;2022.0
76;Indonesia;ID;IDN;East Asia & Pacific;2;2;2;5;3;1.0;1.0;1.0;1.0;1.0;1.0;1.0;1.0;1.0;1.0;1.0;1.0;1.0;1.0;1.0;1.0;1;1;1;1;1;1;1;1;1;1;1;1;0.0;0.0;0.0;0.0;0.0;0.0;0.0;0.0;1.0;1.0;1.0;1.0;1.0;1.0;1.0;1.0;1;1;1;1;1;1;1;1;1;1;1;1;0.0;0.0;0.0;0.0;0.0;0.0;0.0;0.0;0.0;0.0;0.0;0.0;0.0;0.0;0.0;0.0;0;0;0;0;0;0;0;0;0;0;0;0;0.0;0.0;0.0;0.0;0.0;0.0;0.0;0.0;0.0;0.0;0.0;0.0;0.0;0.0;0.0;0.0;0;0;0;0;0;0;0;0;0;0;0;0;3.0;2;2.0;1;5;5;1.0;1;2.0;2;1;5.0;3.0;3.0;3.0;4.0;4.0;4;4.0;4.0;4.0;2022.0
77;Iran;IR;IRN;Middle East & North Africa;2;4;1;3;3;1.0;1.0;1.0;1.0;1.0;1.0;1.0;1.0;1.0;1.0;1.0;1.0;1.0;1.0;1.0;1.0;1;1;1;1;1;1;1;1;1;1;1;1;0.0;0.0;0.0;0.0;0.0;0.0;0.0;0.0;0.0;0.0;0.0;0.0;0.0;0.0;0.0;0.0;0;0;0;0;0;0;0;0;0;0;0;0;1.0;1.0;1.0;1.0;1.0;1.0;1.0;1.0;1.0;1.0;1.0;1.0;1.0;1.0;1.0;1.0;1;1;1;1;1;1;1;1;1;1;1;1;0.0;0.0;0.0;0.0;0.0;0.0;0.0;0.0;0.0;0.0;0.0;0.0;0.0;0.0;0.0;0.0;0;0;0;0;0;0;0;0;0;0;0;0;1.0;4;1.0;1;4;1;1.0;1;1.0;2;1;5.0;5.0;;1.0;5.0;1.0;5;1.0;5.0;1.0;2022.0
78;Iraq;IQ;IRQ;Middle East & North Africa;2;3;1;3;3;1.0;1.0;1.0;1.0;1.0;1.0;1.0;1.0;1.0;1.0;1.0;1.0;1.0;1.0;1.0;1.0;1;1;1;1;1;1;1;1;1;1;1;1;0.0;0.0;0.0;0.0;0.0;0.0;0.0;0.0;0.0;0.0;0.0;0.0;0.0;0.0;0.0;0.0;0;0;0;0;0;0;0;0;0;0;0;0;0.0;0.0;0.0;0.0;0.0;0.0;0.0;0.0;0.0;0.0;0.0;0.0;0.0;0.0;0.0;0.0;0;0;0;0;0;1;1;1;1;1;1;1;0.0;0.0;0.0;0.0;0.0;0.0;0.0;0.0;0.0;0.0;0.0;0.0;0.0;0.0;0.0;0.0;0;0;0;0;0;0;0;0;0;0;0;0;1.0;3;1.0;1;5;1;1.0;1;1.0;2;1;5.0;3.0;3.0;1.0;4.0;1.0;4;1.0;3.0;1.0;2022.0
79;Ireland;IE;IRL;Europe & Central Asia;4;4;3;5;3;1.0;1.0;1.0;1.0;1.0;1.0;1.0;1.0;1.0;1.0;1.0;1.0;1.0;1.0;1.0;1.0;1;1;1;1;1;1;1;1;1;1;1;1;0.0;0.0;0.0;0.0;0.0;0.0;0.0;0.0;0.0;0.0;0.0;0.0;0.0;0.0;0.0;0.0;0;0;0;0;0;1;1;1;1;1;1;1;1.0;1.0;1.0;1.0;1.0;1.0;1.0;1.0;1.0;1.0;1.0;1.0;1.0;1.0;1.0;1.0;1;1;1;1;1;1;1;1;1;1;1;1;0.0;0.0;0.0;0.0;0.0;0.0;0.0;0.0;0.0;0.0;0.0;0.0;0.0;0.0;0.0;0.0;0;0;0;0;0;0;0;0;0;0;0;0;4.0;4;3.0;1;2;2;1.0;1;5.0;5;5;5.0;5.0;5.0;5.0;4.0;4.0;5;5.0;5.0;5.0;2022.0
80;Israel;IL;ISR;Middle East & North Africa;4;3;3;4;3;1.0;1.0;1.0;1.0;1.0;1.0;1.0;1.0;1.0;1.0;1.0;1.0;1.0;1.0;1.0;1.0;1;1;1;1;1;1;1;1;1;1;1;1;0.0;0.0;0.0;1.0;1.0;1.0;1.0;1.0;1.0;1.0;1.0;1.0;1.0;1.0;1.0;1.0;1;1;1;1;1;1;1;1;1;1;1;1;0.0;0.0;0.0;0.0;0.0;0.0;0.0;0.0;0.0;0.0;0.0;0.0;0.0;0.0;1.0;1.0;1;1;1;1;1;1;1;1;1;1;1;1;0.0;0.0;0.0;0.0;0.0;0.0;0.0;0.0;0.0;0.0;0.0;0.0;0.0;0.0;0.0;0.0;0;0;0;0;0;0;0;0;0;0;0;0;2.0;3;1.0;1;5;1;1.0;1;1.0;5;5;5.0;3.0;5.0;5.0;4.0;4.0;4;4.0;4.0;4.0;2022.0
81;Italy;IT;ITA;Europe & Central Asia;4;4;5;5;5;1.0;1.0;1.0;1.0;1.0;1.0;1.0;1.0;1.0;1.0;1.0;1.0;1.0;1.0;1.0;1.0;1;1;1;1;1;1;1;1;1;1;1;1;1.0;1.0;1.0;1.0;1.0;1.0;1.0;1.0;1.0;1.0;1.0;1.0;1.0;1.0;1.0;1.0;1;1;1;1;1;1;1;1;1;1;1;1;1.0;1.0;1.0;1.0;1.0;1.0;1.0;1.0;1.0;1.0;1.0;1.0;1.0;1.0;1.0;1.0;1;1;1;1;1;1;1;1;1;1;1;1;1.0;1.0;1.0;1.0;1.0;1.0;1.0;1.0;1.0;1.0;1.0;1.0;1.0;1.0;1.0;1.0;1;1;1;1;1;1;1;1;1;1;1;1;5.0;4;5.0;1;5;5;1.0;1;5.0;5;5;5.0;5.0;5.0;5.0;5.0;5.0;5;5.0;5.0;5.0;2022.0
82;Jamaica;JM;JAM;Americas;2;2;1;3;1;1.0;1.0;1.0;1.0;1.0;1.0;1.0;1.0;1.0;1.0;1.0;1.0;1.0;1.0;1.0;1.0;1;1;1;1;1;1;1;1;1;1;1;1;0.0;0.0;0.0;0.0;0.0;0.0;0.0;0.0;0.0;0.0;0.0;0.0;0.0;0.0;0.0;0.0;0;0;0;0;0;0;0;0;0;0;0;0;0.0;0.0;0.0;0.0;0.0;0.0;0.0;0.0;0.0;0.0;0.0;0.0;0.0;0.0;0.0;0.0;0;0;0;0;0;0;0;0;0;0;0;0;0.0;0.0;0.0;0.0;0.0;0.0;0.0;0.0;0.0;0.0;0.0;0.0;0.0;0.0;0.0;0.0;0;0;0;0;0;0;0;0;0;0;0;0;1.0;2;1.0;1;5;1;1.0;1;1.0;2;1;1.0;1.0;3.0;1.0;4.0;1.0;5;1.0;4.0;1.0;2022.0
83;Japan;JP;JPN;East Asia & Pacific;4;5;5;5;5;1.0;1.0;1.0;1.0;1.0;1.0;1.0;1.0;1.0;1.0;1.0;1.0;1.0;1.0;1.0;1.0;1;1;1;1;1;1;1;1;1;1;1;1;1.0;1.0;1.0;1.0;1.0;1.0;1.0;1.0;1.0;1.0;1.0;1.0;1.0;1.0;1.0;1.0;1;1;1;1;1;1;1;1;1;1;1;1;1.0;1.0;1.0;1.0;1.0;1.0;1.0;1.0;1.0;1.0;1.0;1.0;1.0;1.0;1.0;1.0;1;1;1;1;1;1;1;1;1;1;1;1;1.0;1.0;1.0;1.0;1.0;1.0;1.0;1.0;1.0;1.0;1.0;1.0;1.0;1.0;1.0;1.0;1;1;1;1;1;1;1;1;1;1;1;1;5.0;5;5.0;1;3;3;1.0;1;5.0;5;5;4.0;3.0;3.0;3.0;4.0;4.0;3;3.0;5.0;5.0;2022.0
84;Jordan;JO;JOR;Middle East & North Africa;2;2;2;5;1;1.0;1.0;1.0;1.0;1.0;1.0;1.0;1.0;1.0;1.0;1.0;1.0;1.0;1.0;1.0;1.0;1;1;1;1;1;1;1;1;1;1;1;1;0.0;0.0;0.0;0.0;0.0;0.0;0.0;0.0;0.0;0.0;0.0;0.0;0.0;0.0;0.0;0.0;0;0;0;0;0;0;0;0;1;1;1;1;0.0;0.0;0.0;0.0;0.0;0.0;0.0;0.0;0.0;0.0;0.0;0.0;0.0;0.0;0.0;0.0;0;0;0;0;0;0;0;0;0;0;0;0;0.0;0.0;0.0;0.0;0.0;0.0;0.0;0.0;0.0;0.0;0.0;0.0;0.0;0.0;0.0;0.0;0;0;0;0;0;0;0;0;0;0;0;0;3.0;2;2.0;1;5;5;1.0;1;2.0;2;1;5.0;3.0;5.0;3.0;4.0;4.0;4;4.0;4.0;4.0;2022.0
85;Kazakhstan;KZ;KAZ;Europe & Central Asia;2;3;1;3;3;1.0;1.0;1.0;1.0;1.0;1.0;1.0;1.0;1.0;1.0;1.0;1.0;1.0;1.0;1.0;1.0;1;1;1;1;1;1;1;1;1;1;1;1;0.0;0.0;0.0;0.0;0.0;0.0;0.0;0.0;0.0;0.0;0.0;0.0;0.0;0.0;0.0;0.0;0;0;0;0;0;0;0;0;0;0;0;0;1.0;1.0;1.0;1.0;1.0;1.0;1.0;1.0;1.0;1.0;1.0;1.0;1.0;1.0;1.0;1.0;1;1;1;1;1;1;1;1;1;1;1;1;0.0;0.0;0.0;0.0;0.0;0.0;0.0;0.0;0.0;0.0;0.0;0.0;0.0;0.0;0.0;0.0;0;0;0;0;0;0;0;0;0;0;0;0;1.0;3;1.0;1;5;1;1.0;1;1.0;5;5;5.0;3.0;5.0;1.0;4.0;1.0;4;1.0;5.0;1.0;2022.0
86;Kenya;KE;KEN;Sub-Saharan Africa;2;2;2;5;3;1.0;1.0;1.0;1.0;1.0;1.0;1.0;1.0;1.0;1.0;1.0;1.0;1.0;1.0;1.0;1.0;1;1;1;1;1;1;1;1;1;1;1;1;0.0;0.0;0.0;0.0;0.0;0.0;0.0;0.0;0.0;0.0;0.0;0.0;0.0;1.0;1.0;1.0;1;1;1;1;1;1;1;1;1;1;1;1;0.0;0.0;0.0;0.0;0.0;0.0;0.0;0.0;0.0;0.0;0.0;0.0;0.0;0.0;0.0;0.0;0;0;0;0;0;0;0;0;0;0;0;0;0.0;0.0;0.0;0.0;0.0;0.0;0.0;0.0;0.0;0.0;0.0;0.0;0.0;0.0;0.0;0.0;0;0;0;0;0;0;0;0;0;0;0;0;3.0;2;2.0;1;5;5;1.0;1;5.0;3;5;1.0;1.0;3.0;3.0;4.0;4.0;5;5.0;4.0;4.0;2022.0
87;Kiribati;KI;KIR;East Asia & Pacific;2;2;1;3;3;1.0;1.0;1.0;1.0;1.0;1.0;1.0;1.0;1.0;1.0;1.0;1.0;1.0;1.0;1.0;1.0;1;1;1;1;1;1;1;1;1;1;1;1;0.0;0.0;0.0;0.0;0.0;0.0;0.0;0.0;0.0;0.0;0.0;0.0;0.0;0.0;0.0;0.0;0;0;0;0;0;0;0;0;0;0;0;0;0.0;0.0;0.0;0.0;0.0;0.0;0.0;0.0;0.0;0.0;0.0;0.0;0.0;0.0;0.0;0.0;0;0;0;0;0;0;0;0;0;0;0;0;0.0;0.0;0.0;0.0;0.0;0.0;0.0;0.0;0.0;0.0;0.0;0.0;0.0;0.0;0.0;0.0;0;0;0;0;0;0;0;0;0;0;0;0;1.0;2;1.0;1;3;1;1.0;1;1.0;2;1;5.0;3.0;3.0;1.0;4.0;1.0;4;1.0;5.0;1.0;2022.0
88;Democratic People's Republic of Korea;KP;PRK;East Asia & Pacific;1;4;1;3;3;1.0;1.0;1.0;1.0;1.0;1.0;1.0;1.0;1.0;1.0;1.0;1.0;1.0;1.0;1.0;1.0;1;1;1;1;1;1;1;1;1;1;1;1;0.0;0.0;0.0;0.0;0.0;0.0;0.0;0.0;0.0;0.0;0.0;0.0;0.0;0.0;0.0;0.0;0;0;0;0;0;0;0;0;0;0;0;0;0.0;0.0;0.0;0.0;0.0;0.0;0.0;0.0;0.0;0.0;0.0;0.0;0.0;0.0;0.0;0.0;0;0;0;0;1;1;1;1;1;1;1;1;0.0;0.0;0.0;0.0;0.0;0.0;0.0;0.0;0.0;0.0;0.0;0.0;0.0;0.0;0.0;0.0;0;0;0;0;0;0;0;0;0;0;0;0;1.0;4;1.0;1;5;1;1.0;1;1.0;2;1;1.0;3.0;;1.0;4.0;1.0;4;1.0;4.0;1.0;2022.0
89;Republic of Korea;KR;KOR;East Asia & Pacific;4;5;5;5;5;1.0;1.0;1.0;1.0;1.0;1.0;1.0;1.0;1.0;1.0;1.0;1.0;1.0;1.0;1.0;1.0;1;1;1;1;1;1;1;1;1;1;1;1;0.0;0.0;0.0;0.0;0.0;0.0;1.0;1.0;1.0;1.0;1.0;1.0;1.0;1.0;1.0;1.0;1;1;1;1;1;1;1;1;1;1;1;1;0.0;0.0;0.0;0.0;0.0;0.0;1.0;1.0;1.0;1.0;1.0;1.0;1.0;1.0;1.0;1.0;1;1;1;1;1;1;1;1;1;1;1;1;0.0;0.0;0.0;0.0;0.0;0.0;1.0;1.0;1.0;1.0;1.0;1.0;1.0;1.0;1.0;1.0;1;1;1;1;1;1;1;1;1;1;1;1;5.0;5;5.0;1;3;3;1.0;1;2.0;3;5;5.0;5.0;5.0;3.0;3.0;4.0;3;;3.0;3.0;2022.0
90;Kuwait;KW;KWT;Middle East & North Africa;4;2;1;3;1;1.0;1.0;1.0;1.0;1.0;1.0;1.0;1.0;1.0;1.0;1.0;1.0;1.0;1.0;1.0;1.0;1;1;1;1;1;1;1;1;1;1;1;1;0.0;0.0;0.0;0.0;0.0;0.0;0.0;0.0;0.0;0.0;0.0;0.0;0.0;0.0;0.0;0.0;0;0;0;0;0;0;0;0;0;0;0;0;0.0;0.0;0.0;0.0;0.0;0.0;0.0;0.0;0.0;0.0;0.0;0.0;0.0;0.0;0.0;0.0;0;0;0;0;0;0;0;0;0;0;0;0;0.0;0.0;0.0;0.0;0.0;0.0;0.0;0.0;0.0;0.0;0.0;0.0;0.0;0.0;0.0;0.0;0;0;0;0;0;0;0;0;0;0;0;0;1.0;2;1.0;1;5;1;1.0;1;1.0;2;1;5.0;3.0;3.0;1.0;4.0;1.0;3;1.0;4.0;1.0;2022.0
91;Kyrgyzstan;KG;KGZ;Europe & Central Asia;2;3;1;3;3;1.0;1.0;1.0;1.0;1.0;1.0;1.0;1.0;1.0;1.0;1.0;1.0;1.0;1.0;1.0;1.0;1;1;1;1;1;1;1;1;1;1;1;1;0.0;0.0;0.0;0.0;0.0;0.0;0.0;0.0;0.0;0.0;0.0;0.0;0.0;0.0;0.0;0.0;0;0;0;0;0;0;0;0;0;0;0;0;1.0;1.0;1.0;1.0;1.0;1.0;1.0;1.0;1.0;1.0;1.0;1.0;1.0;1.0;1.0;1.0;1;1;1;1;1;1;1;1;1;1;1;1;0.0;0.0;0.0;0.0;0.0;0.0;0.0;0.0;0.0;0.0;0.0;0.0;0.0;0.0;0.0;0.0;0;0;0;0;0;0;0;0;0;0;0;0;1.0;3;1.0;1;2;1;1.0;1;1.0;5;5;5.0;3.0;5.0;1.0;4.0;1.0;4;1.0;5.0;1.0;2022.0
92;Laos;LA;LAO;East Asia & Pacific;2;3;1;3;3;1.0;1.0;1.0;1.0;1.0;1.0;1.0;1.0;1.0;1.0;1.0;1.0;1.0;1.0;1.0;1.0;1;1;1;1;1;1;1;1;1;1;1;1;0.0;0.0;0.0;0.0;0.0;0.0;0.0;0.0;0.0;0.0;0.0;0.0;0.0;0.0;0.0;0.0;0;0;0;0;0;0;0;0;0;0;0;0;0.0;0.0;0.0;0.0;0.0;0.0;0.0;0.0;0.0;0.0;0.0;0.0;0.0;0.0;0.0;0.0;0;0;1;1;1;1;1;1;1;1;1;1;0.0;0.0;0.0;0.0;0.0;0.0;0.0;0.0;0.0;0.0;0.0;0.0;0.0;0.0;0.0;0.0;0;0;0;0;0;0;0;0;0;0;0;0;1.0;3;1.0;1;5;1;1.0;1;1.0;2;1;5.0;3.0;5.0;1.0;4.0;1.0;4;1.0;4.0;1.0;2022.0
93;Latvia;LV;LVA;Europe & Central Asia;4;5;5;5;5;1.0;1.0;1.0;1.0;1.0;1.0;1.0;1.0;1.0;1.0;1.0;1.0;1.0;1.0;1.0;1.0;1;1;1;1;1;1;1;1;1;1;1;1;;;;;;;;;;;;;;1.0;1.0;1.0;1;1;1;1;1;1;1;1;1;1;1;1;1.0;1.0;1.0;1.0;1.0;1.0;1.0;1.0;1.0;1.0;1.0;1.0;1.0;1.0;1.0;1.0;1;1;1;1;1;1;1;1;1;1;1;1;;;;;;;;;;;;;;1.0;1.0;1.0;1;1;1;1;1;1;1;1;1;1;1;1;3.0;3;2.0;5;5;5;3.0;5;5.0;5;5;5.0;5.0;5.0;5.0;4.0;4.0;4;4.0;5.0;5.0;2022.0
94;Lebanon;LB;LBN;Middle East & North Africa;2;2;1;3;1;1.0;1.0;1.0;1.0;1.0;1.0;1.0;1.0;1.0;1.0;1.0;1.0;1.0;1.0;1.0;1.0;1;1;1;1;1;1;1;1;1;1;1;1;0.0;0.0;0.0;0.0;0.0;0.0;0.0;0.0;0.0;0.0;0.0;0.0;0.0;0.0;0.0;0.0;0;0;0;0;0;0;0;0;0;0;0;0;0.0;0.0;0.0;0.0;0.0;0.0;0.0;0.0;0.0;0.0;0.0;0.0;0.0;0.0;0.0;0.0;0;0;0;0;0;0;0;0;0;0;0;0;0.0;0.0;0.0;0.0;0.0;0.0;0.0;0.0;0.0;0.0;0.0;0.0;0.0;0.0;0.0;0.0;0;0;0;0;0;0;0;0;0;0;0;0;1.0;2;1.0;1;5;1;1.0;1;1.0;2;1;1.0;1.0;5.0;1.0;5.0;1.0;3;1.0;4.0;1.0;2022.0
95;Lesotho;LS;LSO;Sub-Saharan Africa;2;2;1;3;1;0.0;0.0;0.0;0.0;0.0;0.0;0.0;0.0;0.0;0.0;1.0;1.0;1.0;1.0;1.0;1.0;1;1;1;1;1;1;1;1;1;1;1;1;0.0;0.0;0.0;0.0;0.0;0.0;0.0;0.0;0.0;0.0;0.0;0.0;0.0;0.0;0.0;0.0;0;0;0;0;0;0;0;0;0;0;0;0;0.0;0.0;0.0;0.0;0.0;0.0;0.0;0.0;0.0;0.0;0.0;0.0;0.0;0.0;0.0;0.0;0;0;0;0;0;0;0;0;0;0;0;0;0.0;0.0;0.0;0.0;0.0;0.0;0.0;0.0;0.0;0.0;0.0;0.0;0.0;0.0;0.0;0.0;0;0;0;0;0;0;0;0;0;0;0;0;1.0;2;1.0;1;5;1;1.0;1;1.0;2;1;5.0;3.0;3.0;1.0;4.0;1.0;4;1.0;4.0;1.0;2022.0
96;Liberia;LR;LBR;Sub-Saharan Africa;1;3;1;3;3;1.0;1.0;1.0;1.0;1.0;1.0;1.0;1.0;1.0;1.0;1.0;1.0;1.0;1.0;1.0;1.0;1;1;1;1;1;1;1;1;1;1;1;1;0.0;0.0;0.0;0.0;0.0;0.0;0.0;0.0;0.0;0.0;0.0;0.0;0.0;0.0;0.0;0.0;0;0;0;0;0;0;0;0;0;0;0;0;0.0;0.0;0.0;0.0;0.0;0.0;0.0;0.0;0.0;0.0;0.0;0.0;0.0;0.0;0.0;0.0;0;0;0;0;1;1;1;1;1;1;1;1;0.0;0.0;0.0;0.0;0.0;0.0;0.0;0.0;0.0;0.0;0.0;0.0;0.0;0.0;0.0;0.0;0;0;0;0;0;0;0;0;0;0;0;0;1.0;3;1.0;1;5;1;1.0;1;1.0;2;1;5.0;3.0;3.0;1.0;4.0;1.0;4;1.0;4.0;1.0;2022.0
97;Libya;LY;LBY;Middle East & North Africa;2;3;1;3;3;1.0;1.0;1.0;1.0;1.0;1.0;1.0;1.0;1.0;1.0;1.0;1.0;1.0;1.0;1.0;1.0;1;1;1;1;1;1;1;1;1;1;1;1;0.0;0.0;0.0;0.0;0.0;0.0;0.0;0.0;0.0;0.0;0.0;0.0;0.0;0.0;0.0;0.0;0;0;0;0;0;0;0;0;0;0;0;0;0.0;0.0;0.0;0.0;0.0;0.0;0.0;0.0;0.0;0.0;0.0;0.0;0.0;0.0;0.0;1.0;1;1;1;1;1;1;1;1;1;1;1;1;0.0;0.0;0.0;0.0;0.0;0.0;0.0;0.0;0.0;0.0;0.0;0.0;0.0;0.0;0.0;0.0;0;0;0;0;0;0;0;0;0;0;0;0;1.0;3;1.0;1;5;1;1.0;1;1.0;2;1;5.0;3.0;5.0;1.0;4.0;1.0;5;1.0;4.0;1.0;2022.0
98;Liechtenstein;LI;LIE;Europe & Central Asia;4;3;1;3;3;1.0;1.0;1.0;1.0;1.0;1.0;1.0;1.0;1.0;1.0;1.0;1.0;1.0;1.0;1.0;1.0;1;1;1;1;1;1;1;1;1;1;1;1;0.0;0.0;0.0;0.0;0.0;0.0;0.0;0.0;0.0;0.0;0.0;0.0;0.0;0.0;0.0;0.0;0;0;0;0;0;0;0;0;0;0;0;0;1.0;1.0;1.0;1.0;1.0;1.0;1.0;1.0;1.0;1.0;1.0;1.0;1.0;1.0;1.0;1.0;1;1;1;1;1;1;1;1;1;1;1;1;0.0;0.0;0.0;0.0;0.0;0.0;0.0;0.0;0.0;0.0;0.0;0.0;0.0;0.0;0.0;0.0;0;0;0;0;0;0;0;0;0;0;0;0;1.0;3;1.0;1;5;1;1.0;1;1.0;2;1;5.0;3.0;5.0;1.0;3.0;1.0;4;1.0;4.0;1.0;2022.0
99;Lithuania;LT;LTU;Europe & Central Asia;4;5;5;5;5;1.0;1.0;1.0;1.0;1.0;1.0;1.0;1.0;1.0;1.0;1.0;1.0;1.0;1.0;1.0;1.0;1;1;1;1;1;1;1;1;1;1;1;1;1.0;1.0;1.0;1.0;1.0;1.0;1.0;1.0;1.0;1.0;1.0;1.0;1.0;1.0;1.0;1.0;1;1;1;1;1;1;1;1;1;1;1;1;1.0;1.0;1.0;1.0;1.0;1.0;1.0;1.0;1.0;1.0;1.0;1.0;1.0;1.0;1.0;1.0;1;1;1;1;1;1;1;1;1;1;1;1;1.0;1.0;1.0;1.0;1.0;1.0;1.0;1.0;1.0;1.0;1.0;1.0;1.0;1.0;1.0;1.0;1;1;1;1;1;1;1;1;1;1;1;1;4.0;3;3.0;5;4;4;3.0;5;5.0;3;5;5.0;5.0;5.0;5.0;4.0;4.0;4;4.0;5.0;5.0;2022.0
100;Luxembourg;LU;LUX;Europe & Central Asia;4;4;5;5;5;1.0;1.0;1.0;1.0;1.0;1.0;1.0;1.0;1.0;1.0;1.0;1.0;1.0;1.0;1.0;1.0;1;1;1;1;1;1;1;1;1;1;1;1;1.0;1.0;1.0;1.0;1.0;1.0;1.0;1.0;1.0;1.0;1.0;1.0;1.0;1.0;1.0;1.0;1;1;1;1;1;1;1;1;1;1;1;1;1.0;1.0;1.0;1.0;1.0;1.0;1.0;1.0;1.0;1.0;1.0;1.0;1.0;1.0;1.0;1.0;1;1;1;1;1;1;1;1;1;1;1;1;0.0;0.0;0.0;0.0;1.0;1.0;1.0;1.0;1.0;1.0;1.0;1.0;1.0;1.0;1.0;1.0;1;1;1;1;1;1;1;1;1;1;1;1;5.0;4;5.0;1;2;2;1.0;1;2.0;5;5;5.0;5.0;5.0;5.0;4.0;4.0;4;4.0;5.0;5.0;2022.0
101;North Macedonia;MK;MKD;Europe & Central Asia;2;4;2;5;3;1.0;1.0;1.0;1.0;1.0;1.0;1.0;1.0;1.0;1.0;1.0;1.0;1.0;1.0;1.0;1.0;1;1;1;1;1;1;1;1;1;1;1;1;1.0;1.0;1.0;1.0;1.0;1.0;1.0;1.0;1.0;1.0;1.0;1.0;1.0;1.0;1.0;1.0;1;1;1;1;1;1;1;1;1;1;1;1;1.0;1.0;1.0;1.0;1.0;1.0;1.0;1.0;1.0;1.0;1.0;1.0;1.0;1.0;1.0;1.0;1;1;1;1;1;1;1;1;1;1;1;1;0.0;0.0;0.0;0.0;0.0;0.0;0.0;0.0;0.0;0.0;0.0;0.0;0.0;0.0;0.0;0.0;0;0;0;0;0;0;0;0;0;0;0;0;3.0;4;2.0;1;5;5;1.0;1;5.0;3;2;5.0;5.0;5.0;3.0;4.0;4.0;4;4.0;5.0;5.0;2022.0
102;Madagascar;MG;MDG;Sub-Saharan Africa;1;3;1;3;3;1.0;1.0;1.0;1.0;1.0;1.0;1.0;1.0;1.0;1.0;1.0;1.0;1.0;1.0;1.0;1.0;1;1;1;1;1;1;1;1;1;1;1;1;0.0;0.0;0.0;0.0;0.0;0.0;0.0;0.0;0.0;0.0;0.0;0.0;0.0;0.0;0.0;0.0;0;0;0;0;0;0;0;0;0;0;0;0;1.0;1.0;1.0;1.0;1.0;1.0;1.0;1.0;1.0;1.0;1.0;1.0;1.0;1.0;1.0;1.0;1;1;1;1;1;1;1;1;1;1;1;1;0.0;0.0;0.0;0.0;0.0;0.0;0.0;0.0;0.0;0.0;0.0;0.0;0.0;0.0;0.0;0.0;0;0;0;0;0;0;0;0;0;0;0;0;1.0;3;1.0;1;5;1;1.0;1;1.0;2;1;5.0;3.0;3.0;1.0;5.0;1.0;5;1.0;4.0;1.0;2022.0
103;Malawi;MW;MWI;Sub-Saharan Africa;1;2;2;5;1;0.0;0.0;0.0;0.0;0.0;1.0;1.0;1.0;1.0;1.0;1.0;1.0;1.0;1.0;1.0;1.0;1;1;1;1;1;1;1;1;1;1;1;1;0.0;0.0;0.0;0.0;0.0;0.0;0.0;0.0;0.0;0.0;0.0;0.0;0.0;0.0;0.0;0.0;0;0;0;0;0;0;0;0;0;0;1;1;0.0;0.0;0.0;0.0;0.0;0.0;0.0;0.0;0.0;0.0;0.0;0.0;0.0;0.0;0.0;0.0;0;0;0;0;0;0;0;0;0;0;0;0;0.0;0.0;0.0;0.0;0.0;0.0;0.0;0.0;0.0;0.0;0.0;0.0;0.0;0.0;0.0;0.0;0;0;0;0;0;0;0;0;0;0;0;0;3.0;2;2.0;1;5;5;1.0;1;2.0;2;1;5.0;3.0;3.0;3.0;4.0;4.0;4;4.0;4.0;4.0;2022.0
104;Malaysia;MY;MYS;East Asia & Pacific;2;2;1;3;1;1.0;1.0;1.0;1.0;1.0;1.0;1.0;1.0;1.0;1.0;1.0;1.0;1.0;1.0;1.0;1.0;1;1;1;1;1;1;1;1;1;1;1;1;0.0;0.0;0.0;0.0;0.0;0.0;0.0;0.0;0.0;0.0;0.0;0.0;0.0;0.0;0.0;0.0;0;0;0;0;0;0;0;0;0;0;0;0;0.0;0.0;0.0;0.0;0.0;0.0;0.0;0.0;0.0;0.0;0.0;0.0;0.0;0.0;0.0;0.0;0;0;0;0;0;0;0;0;0;0;0;0;0.0;0.0;0.0;0.0;0.0;0.0;0.0;0.0;0.0;0.0;0.0;0.0;0.0;0.0;0.0;0.0;0;0;0;0;0;0;0;0;0;0;0;0;1.0;2;1.0;1;5;1;1.0;1;1.0;2;1;1.0;1.0;3.0;1.0;4.0;1.0;3;1.0;3.0;1.0;2022.0
105;Maldives;MV;MDV;South Asia;2;2;2;5;1;0.0;0.0;0.0;0.0;0.0;0.0;0.0;0.0;0.0;0.0;0.0;0.0;0.0;1.0;1.0;1.0;1;1;1;1;1;1;1;1;1;1;1;1;0.0;0.0;0.0;0.0;0.0;0.0;0.0;0.0;0.0;0.0;0.0;0.0;0.0;1.0;1.0;1.0;1;1;1;1;1;1;1;1;1;1;1;1;0.0;0.0;0.0;0.0;0.0;0.0;0.0;0.0;0.0;0.0;0.0;0.0;0.0;0.0;0.0;0.0;0;0;0;0;0;0;0;0;0;0;0;0;0.0;0.0;0.0;0.0;0.0;0.0;0.0;0.0;0.0;0.0;0.0;0.0;0.0;0.0;0.0;0.0;0;0;0;0;0;0;0;0;0;0;0;0;3.0;2;2.0;1;5;5;1.0;1;2.0;2;1;5.0;3.0;3.0;3.0;4.0;4.0;4;4.0;4.0;4.0;2022.0
106;Mali;ML;MLI;Sub-Saharan Africa;1;3;2;5;3;1.0;1.0;1.0;1.0;1.0;1.0;1.0;1.0;1.0;1.0;1.0;1.0;1.0;1.0;1.0;1.0;1;1;1;1;1;1;1;1;1;1;1;1;0.0;0.0;0.0;0.0;1.0;1.0;1.0;1.0;1.0;1.0;1.0;1.0;1.0;1.0;1.0;1.0;1;1;1;1;1;1;1;1;1;1;1;1;1.0;1.0;1.0;1.0;1.0;1.0;1.0;1.0;1.0;1.0;1.0;1.0;1.0;1.0;1.0;1.0;1;1;1;1;1;1;1;1;1;1;1;1;0.0;0.0;0.0;0.0;0.0;0.0;0.0;0.0;0.0;0.0;0.0;0.0;0.0;0.0;0.0;0.0;0;0;0;0;0;0;0;0;0;0;0;0;3.0;3;2.0;1;5;5;1.0;1;2.0;2;1;5.0;3.0;3.0;3.0;4.0;4.0;5;5.0;5.0;5.0;2022.0
107;Malta;MT;MLT;Europe & Central Asia;4;3;2;5;3;1.0;1.0;1.0;1.0;1.0;1.0;1.0;1.0;1.0;1.0;1.0;1.0;1.0;1.0;1.0;1.0;1;1;1;1;1;1;1;1;1;1;1;1;0.0;0.0;0.0;0.0;0.0;0.0;0.0;0.0;0.0;0.0;0.0;0.0;0.0;1.0;1.0;1.0;1;1;1;1;1;1;1;1;1;1;1;1;0.0;0.0;0.0;0.0;0.0;0.0;0.0;0.0;0.0;1.0;1.0;1.0;1.0;1.0;1.0;1.0;1;1;1;1;1;1;1;1;1;1;1;1;0.0;0.0;0.0;0.0;0.0;0.0;0.0;0.0;0.0;0.0;0.0;0.0;0.0;0.0;0.0;0.0;0;0;0;0;0;0;0;0;0;0;0;0;3.0;3;2.0;1;2;5;1.0;1;2.0;3;5;1.0;1.0;5.0;3.0;4.0;5.0;4;5.0;5.0;5.0;2022.0
108;Marshall Islands;MH;MHL;East Asia & Pacific;2;1;1;1;1;0.0;0.0;0.0;0.0;0.0;0.0;0.0;0.0;0.0;0.0;0.0;0.0;0.0;0.0;0.0;0.0;0;0;0;0;0;0;0;0;0;0;0;0;0.0;0.0;0.0;0.0;0.0;0.0;0.0;0.0;0.0;0.0;0.0;0.0;0.0;0.0;0.0;0.0;0;0;0;0;0;0;0;0;0;0;0;0;0.0;0.0;0.0;0.0;0.0;0.0;0.0;0.0;0.0;0.0;0.0;0.0;0.0;0.0;0.0;0.0;0;0;0;0;0;0;0;0;0;0;0;0;0.0;0.0;0.0;0.0;0.0;0.0;0.0;0.0;0.0;0.0;0.0;0.0;0.0;0.0;0.0;0.0;0;0;0;0;0;0;0;0;0;0;0;0;1.0;1;1.0;1;1;1;1.0;1;1.0;1;1;1.0;1.0;1.0;1.0;1.0;1.0;1;1.0;1.0;1.0;2022.0
109;Mauritania;MR;MRT;Sub-Saharan Africa;2;3;2;5;3;1.0;1.0;1.0;1.0;1.0;1.0;1.0;1.0;1.0;1.0;1.0;1.0;1.0;1.0;1.0;1.0;1;1;1;1;1;1;1;1;1;1;1;1;1.0;1.0;1.0;1.0;1.0;1.0;1.0;1.0;1.0;1.0;1.0;1.0;1.0;1.0;1.0;1.0;1;1;1;1;1;1;1;1;1;1;1;1;1.0;1.0;1.0;1.0;1.0;1.0;1.0;1.0;1.0;1.0;1.0;1.0;1.0;1.0;1.0;1.0;1;1;1;1;1;1;1;1;1;1;1;1;0.0;0.0;0.0;0.0;0.0;0.0;0.0;0.0;0.0;0.0;0.0;0.0;0.0;0.0;0.0;0.0;0;0;0;0;0;0;0;0;0;0;0;0;3.0;3;2.0;1;5;5;1.0;1;2.0;2;1;5.0;3.0;3.0;3.0;4.0;4.0;5;4.0;4.0;4.0;2022.0
110;Mauritius;MU;MUS;Sub-Saharan Africa;2;3;2;5;3;1.0;1.0;1.0;1.0;1.0;1.0;1.0;1.0;1.0;1.0;1.0;1.0;1.0;1.0;1.0;1.0;1;1;1;1;1;1;1;1;1;1;1;1;0.0;0.0;0.0;0.0;0.0;0.0;0.0;0.0;0.0;0.0;0.0;0.0;0.0;0.0;1.0;1.0;1;1;1;1;1;1;1;1;1;1;1;1;0.0;0.0;0.0;0.0;0.0;0.0;0.0;0.0;0.0;0.0;0.0;0.0;0.0;0.0;0.0;0.0;0;0;0;0;1;1;1;1;1;1;1;1;0.0;0.0;0.0;0.0;0.0;0.0;0.0;0.0;0.0;0.0;0.0;0.0;0.0;0.0;0.0;0.0;0;0;0;0;0;0;0;0;0;0;0;0;3.0;3;2.0;1;5;5;1.0;1;2.0;3;2;5.0;3.0;3.0;3.0;4.0;4.0;5;4.0;5.0;5.0;2022.0
111;Mexico;MX;MEX;Americas;2;2;2;5;3;1.0;1.0;1.0;1.0;1.0;1.0;1.0;1.0;1.0;1.0;1.0;1.0;1.0;1.0;1.0;1.0;1;1;1;1;1;1;1;1;1;1;1;1;0.0;0.0;0.0;0.0;0.0;0.0;0.0;0.0;0.0;0.0;0.0;0.0;0.0;0.0;0.0;0.0;0;1;1;1;1;1;1;1;1;1;1;1;0.0;0.0;0.0;0.0;0.0;0.0;0.0;0.0;0.0;0.0;0.0;0.0;0.0;0.0;0.0;0.0;0;0;0;0;0;0;0;0;0;0;0;0;0.0;0.0;0.0;0.0;0.0;0.0;0.0;0.0;0.0;0.0;0.0;0.0;0.0;0.0;0.0;0.0;0;0;0;0;0;0;0;0;0;0;0;0;3.0;2;2.0;1;5;5;1.0;1;2.0;5;3;5.0;3.0;5.0;3.0;5.0;4.0;5;4.0;4.0;4.0;2022.0
112;Micronesia, Federated States of;FM;FSM;East Asia & Pacific;2;1;1;1;1;0.0;0.0;0.0;0.0;0.0;0.0;0.0;0.0;0.0;0.0;0.0;0.0;0.0;0.0;0.0;0.0;0;0;0;0;0;0;0;0;0;0;0;0;0.0;0.0;0.0;0.0;0.0;0.0;0.0;0.0;0.0;0.0;0.0;0.0;0.0;0.0;0.0;0.0;0;0;0;0;0;0;0;0;0;0;0;0;0.0;0.0;0.0;0.0;0.0;0.0;0.0;0.0;0.0;0.0;0.0;0.0;0.0;0.0;0.0;0.0;0;0;0;0;0;0;0;0;0;0;0;0;0.0;0.0;0.0;0.0;0.0;0.0;0.0;0.0;0.0;0.0;0.0;0.0;0.0;0.0;0.0;0.0;0;0;0;0;0;0;0;0;0;0;0;0;1.0;1;1.0;1;1;1;1.0;1;1.0;1;1;1.0;1.0;1.0;1.0;1.0;1.0;1;1.0;1.0;1.0;2022.0
113;Moldova;MD;MDA;Europe & Central Asia;2;5;5;5;5;1.0;1.0;1.0;1.0;1.0;1.0;1.0;1.0;1.0;1.0;1.0;1.0;1.0;1.0;1.0;1.0;1;1;1;1;1;1;1;1;1;1;1;1;1.0;1.0;1.0;1.0;1.0;1.0;1.0;1.0;1.0;1.0;1.0;1.0;1.0;1.0;1.0;1.0;1;1;1;1;1;1;1;1;1;1;1;1;1.0;1.0;1.0;1.0;1.0;1.0;1.0;1.0;1.0;1.0;1.0;1.0;1.0;1.0;1.0;1.0;1;1;1;1;1;1;1;1;1;1;1;1;1.0;1.0;1.0;1.0;1.0;1.0;1.0;1.0;1.0;1.0;1.0;1.0;1.0;1.0;1.0;1.0;1;1;1;1;1;1;1;1;1;1;1;1;3.0;3;2.0;5;5;5;3.0;5;5.0;5;5;5.0;5.0;5.0;5.0;4.0;4.0;4;4.0;5.0;5.0;2022.0
114;Monaco;MC;MCO;Europe & Central Asia;4;3;2;5;3;1.0;1.0;1.0;1.0;1.0;1.0;1.0;1.0;1.0;1.0;1.0;1.0;1.0;1.0;1.0;1.0;1;1;1;1;1;1;1;1;1;1;1;1;0.0;0.0;0.0;0.0;0.0;0.0;0.0;0.0;0.0;0.0;0.0;1.0;1.0;1.0;1.0;1.0;1;1;1;1;1;1;1;1;1;1;1;1;1.0;1.0;1.0;1.0;1.0;1.0;1.0;1.0;1.0;1.0;1.0;1.0;1.0;1.0;1.0;1.0;1;1;1;1;1;1;1;1;1;1;1;1;0.0;0.0;0.0;0.0;0.0;0.0;0.0;0.0;0.0;0.0;0.0;0.0;0.0;0.0;0.0;0.0;0;0;0;0;0;0;0;0;0;0;0;0;3.0;3;2.0;1;5;5;1.0;1;5.0;3;5;5.0;3.0;3.0;3.0;4.0;4.0;4;4.0;4.0;4.0;2022.0
115;Mongolia;MN;MNG;East Asia & Pacific;2;3;2;5;3;1.0;1.0;1.0;1.0;1.0;1.0;1.0;1.0;1.0;1.0;1.0;1.0;1.0;1.0;1.0;1.0;1;1;1;1;1;1;1;1;1;1;1;1;0.0;0.0;0.0;0.0;0.0;0.0;0.0;0.0;0.0;0.0;0.0;0.0;0.0;0.0;0.0;0.0;0;0;0;0;0;0;0;0;0;0;0;1;1.0;1.0;1.0;1.0;1.0;1.0;1.0;1.0;1.0;1.0;1.0;1.0;1.0;1.0;1.0;1.0;1;1;1;1;1;1;1;1;1;1;1;1;0.0;0.0;0.0;0.0;0.0;0.0;0.0;0.0;0.0;0.0;0.0;0.0;0.0;0.0;0.0;0.0;0;0;0;0;0;0;0;0;0;0;0;0;3.0;3;2.0;1;4;5;1.0;1;2.0;3;5;5.0;3.0;5.0;3.0;4.0;4.0;5;4.0;5.0;5.0;2022.0
116;Montenegro;ME;MNE;Europe & Central Asia;2;5;5;5;5;;;;;;;;;;;;1.0;1.0;1.0;1.0;1.0;1;1;1;1;1;1;1;1;1;1;1;1;;;;;;;;;;;;1.0;1.0;1.0;1.0;1.0;1;1;1;1;1;1;1;1;1;1;1;1;;;;;;;;;;;;1.0;1.0;1.0;1.0;1.0;1;1;1;1;1;1;1;1;1;1;1;1;;;;;;;;;;;;0.0;0.0;0.0;0.0;0.0;0;1;1;1;1;1;1;1;1;1;1;1;;3;;4;5;5;5.0;5;2.0;3;5;5.0;5.0;5.0;5.0;4.0;4.0;4;4.0;3.0;3.0;2022.0
117;Morocco;MA;MAR;Middle East & North Africa;2;3;2;5;3;1.0;1.0;1.0;1.0;1.0;1.0;1.0;1.0;1.0;1.0;1.0;1.0;1.0;1.0;1.0;1.0;1;1;1;1;1;1;1;1;1;1;1;1;0.0;0.0;0.0;0.0;0.0;0.0;0.0;0.0;0.0;1.0;1.0;1.0;1.0;1.0;1.0;1.0;1;1;1;1;1;1;1;1;1;1;1;1;0.0;0.0;0.0;0.0;0.0;0.0;0.0;0.0;0.0;1.0;1.0;1.0;1.0;1.0;1.0;1.0;1;1;1;1;1;1;1;1;1;1;1;1;0.0;0.0;0.0;0.0;0.0;0.0;0.0;0.0;0.0;0.0;0.0;0.0;0.0;0.0;0.0;0.0;0;0;0;0;0;0;0;0;0;0;0;0;3.0;3;2.0;1;5;5;1.0;1;2.0;2;1;5.0;3.0;3.0;3.0;5.0;5.0;5;5.0;4.0;4.0;2022.0
118;Mozambique;MZ;MOZ;Sub-Saharan Africa;1;2;2;5;1;1.0;1.0;1.0;1.0;1.0;1.0;1.0;1.0;1.0;1.0;1.0;1.0;1.0;1.0;1.0;1.0;1;1;1;1;1;1;1;1;1;1;1;1;0.0;0.0;0.0;0.0;0.0;0.0;0.0;0.0;0.0;0.0;0.0;0.0;1.0;1.0;1.0;1.0;1;1;1;1;1;1;1;1;1;1;1;1;0.0;0.0;0.0;0.0;0.0;0.0;0.0;0.0;0.0;0.0;0.0;0.0;0.0;0.0;0.0;0.0;0;0;0;0;0;0;0;0;0;0;0;0;0.0;0.0;0.0;0.0;0.0;0.0;0.0;0.0;0.0;0.0;0.0;0.0;0.0;0.0;0.0;0.0;0;0;0;0;0;0;0;0;0;0;0;0;3.0;2;2.0;1;5;5;1.0;1;2.0;2;1;5.0;3.0;5.0;3.0;4.0;4.0;5;5.0;5.0;5.0;2022.0
119;Myanmar;MM;MMR;East Asia & Pacific;2;3;2;5;3;1.0;1.0;1.0;1.0;1.0;1.0;1.0;1.0;1.0;1.0;1.0;1.0;1.0;1.0;1.0;1.0;1;1;1;1;1;1;1;1;1;1;1;1;0.0;0.0;0.0;0.0;0.0;0.0;0.0;0.0;0.0;0.0;0.0;0.0;0.0;0.0;0.0;0.0;0;1;1;1;1;1;1;1;1;1;1;1;0.0;0.0;0.0;0.0;0.0;0.0;0.0;0.0;0.0;0.0;0.0;0.0;0.0;0.0;0.0;0.0;0;1;1;1;1;1;1;1;1;1;1;1;0.0;0.0;0.0;0.0;0.0;0.0;0.0;0.0;0.0;0.0;0.0;0.0;0.0;0.0;0.0;0.0;0;0;0;0;0;0;0;0;0;0;0;0;3.0;3;2.0;1;4;4;1.0;1;2.0;3;2;1.0;1.0;5.0;5.0;4.0;4.0;5;5.0;5.0;5.0;2022.0
120;Namibia;;NAM;Sub-Saharan Africa;2;2;1;3;3;1.0;1.0;1.0;1.0;1.0;1.0;1.0;1.0;1.0;1.0;1.0;1.0;1.0;1.0;1.0;1.0;1;1;1;1;1;1;1;1;1;1;1;1;0.0;0.0;0.0;0.0;0.0;0.0;0.0;0.0;0.0;0.0;0.0;0.0;0.0;0.0;0.0;0.0;0;0;0;0;0;0;0;0;0;0;0;0;0.0;0.0;0.0;0.0;0.0;0.0;0.0;0.0;0.0;0.0;0.0;0.0;0.0;0.0;0.0;0.0;0;0;0;0;0;0;0;0;0;0;0;0;0.0;0.0;0.0;0.0;0.0;0.0;0.0;0.0;0.0;0.0;0.0;0.0;0.0;0.0;0.0;0.0;0;0;0;0;0;0;0;0;0;0;0;0;1.0;2;1.0;1;5;1;1.0;1;1.0;2;1;1.0;1.0;5.0;1.0;4.0;1.0;5;1.0;3.0;1.0;2022.0
121;Nauru;NR;NRU;East Asia & Pacific;4;1;1;1;1;0.0;0.0;0.0;0.0;0.0;0.0;0.0;0.0;0.0;0.0;0.0;0.0;0.0;0.0;0.0;0.0;0;0;0;0;0;0;0;0;0;0;0;0;0.0;0.0;0.0;0.0;0.0;0.0;0.0;0.0;0.0;0.0;0.0;0.0;0.0;0.0;0.0;0.0;0;0;0;0;0;0;0;0;0;0;0;0;0.0;0.0;0.0;0.0;0.0;0.0;0.0;0.0;0.0;0.0;0.0;0.0;0.0;0.0;0.0;0.0;0;0;0;0;0;0;0;0;0;0;0;0;0.0;0.0;0.0;0.0;0.0;0.0;0.0;0.0;0.0;0.0;0.0;0.0;0.0;0.0;0.0;0.0;0;0;0;0;0;0;0;0;0;0;0;0;1.0;1;1.0;1;1;1;1.0;1;1.0;1;1;1.0;1.0;1.0;1.0;1.0;1.0;1;1.0;1.0;1.0;2022.0
122;Nepal;NP;NPL;South Asia;2;2;2;5;1;1.0;1.0;1.0;1.0;1.0;1.0;1.0;1.0;1.0;1.0;1.0;1.0;1.0;1.0;1.0;1.0;1;1;1;1;1;1;1;1;1;1;1;1;0.0;0.0;0.0;0.0;0.0;0.0;0.0;0.0;0.0;0.0;0.0;0.0;0.0;0.0;0.0;0.0;0;0;0;0;0;0;1;1;1;1;1;1;0.0;0.0;0.0;0.0;0.0;0.0;0.0;0.0;0.0;0.0;0.0;0.0;0.0;0.0;0.0;0.0;0;0;0;0;0;0;0;0;0;0;0;0;0.0;0.0;0.0;0.0;0.0;0.0;0.0;0.0;0.0;0.0;0.0;0.0;0.0;0.0;0.0;0.0;0;0;0;0;0;0;0;0;0;0;0;0;3.0;2;2.0;1;5;5;1.0;1;2.0;2;1;1.0;1.0;5.0;5.0;5.0;5.0;5;5.0;5.0;5.0;2022.0
123;The Netherlands;NL;NLD;Europe & Central Asia;4;3;3;5;3;1.0;1.0;1.0;1.0;1.0;1.0;1.0;1.0;1.0;1.0;1.0;1.0;1.0;1.0;1.0;1.0;1;1;1;1;1;1;1;1;1;1;1;1;1.0;1.0;1.0;1.0;1.0;1.0;1.0;1.0;1.0;1.0;1.0;1.0;1.0;1.0;1.0;1.0;1;1;1;1;1;1;1;1;1;1;1;1;1.0;1.0;1.0;1.0;1.0;1.0;1.0;1.0;1.0;1.0;1.0;1.0;1.0;1.0;1.0;1.0;1;1;1;1;1;1;1;1;1;1;1;1;0.0;0.0;0.0;0.0;0.0;0.0;0.0;0.0;0.0;0.0;0.0;0.0;0.0;0.0;0.0;0.0;0;0;0;0;0;0;0;0;0;0;0;0;4.0;3;3.0;1;5;4;1.0;1;5.0;3;5;5.0;3.0;5.0;3.0;4.0;4.0;4;4.0;5.0;5.0;2022.0
124;New Zealand;NZ;NZL;East Asia & Pacific;4;4;5;4;4;0.0;0.0;0.0;0.0;0.0;0.0;0.0;1.0;1.0;1.0;1.0;1.0;1.0;1.0;1.0;1.0;1;1;1;1;1;1;1;1;1;1;1;1;0.0;0.0;0.0;0.0;0.0;0.0;0.0;1.0;1.0;1.0;1.0;1.0;1.0;1.0;1.0;1.0;1;1;1;1;1;1;1;1;1;1;1;1;0.0;0.0;0.0;0.0;0.0;0.0;0.0;0.0;0.0;0.0;1.0;1.0;1.0;1.0;1.0;1.0;1;1;1;1;1;1;1;1;1;1;1;1;0.0;0.0;0.0;0.0;0.0;0.0;0.0;0.0;0.0;0.0;1.0;1.0;1.0;1.0;1.0;1.0;1;1;1;1;1;1;1;1;1;1;1;1;2.0;4;1.0;1;5;1;1.0;1;1.0;5;5;4.0;3.0;5.0;5.0;4.0;4.0;4;4.0;4.0;4.0;2022.0
125;Nicaragua;NI;NIC;Americas;2;2;2;5;3;1.0;1.0;1.0;1.0;1.0;1.0;1.0;1.0;1.0;1.0;1.0;1.0;1.0;1.0;1.0;1.0;1;1;1;1;1;1;1;1;1;1;1;1;0.0;0.0;0.0;0.0;0.0;0.0;0.0;0.0;0.0;0.0;0.0;0.0;0.0;0.0;0.0;0.0;0;0;0;0;1;1;1;1;1;1;1;1;0.0;0.0;0.0;0.0;0.0;0.0;0.0;0.0;0.0;0.0;0.0;0.0;0.0;0.0;0.0;0.0;0;0;0;0;0;0;0;0;0;0;0;0;0.0;0.0;0.0;0.0;0.0;0.0;0.0;0.0;0.0;0.0;0.0;0.0;0.0;0.0;0.0;0.0;0;0;0;0;0;0;0;0;0;0;0;0;3.0;2;2.0;1;5;5;1.0;1;2.0;5;2;5.0;3.0;5.0;3.0;5.0;4.0;5;4.0;4.0;4.0;2022.0
126;Niger;NE;NER;Sub-Saharan Africa;1;3;1;3;3;1.0;1.0;1.0;1.0;1.0;1.0;1.0;1.0;1.0;1.0;1.0;1.0;1.0;1.0;1.0;1.0;1;1;1;1;1;1;1;1;1;1;1;1;0.0;0.0;0.0;0.0;0.0;0.0;0.0;0.0;0.0;0.0;0.0;0.0;0.0;0.0;0.0;0.0;0;0;0;0;0;0;0;0;0;0;0;0;1.0;1.0;1.0;1.0;1.0;1.0;1.0;1.0;1.0;1.0;1.0;1.0;1.0;1.0;1.0;1.0;1;1;1;1;1;1;1;1;1;1;1;1;0.0;0.0;0.0;0.0;0.0;0.0;0.0;0.0;0.0;0.0;0.0;0.0;0.0;0.0;0.0;0.0;0;0;0;0;0;0;0;0;0;0;0;0;1.0;3;1.0;1;3;1;1.0;1;1.0;2;1;5.0;3.0;3.0;1.0;5.0;1.0;4;1.0;4.0;1.0;2022.0
127;Nigeria;NG;NGA;Sub-Saharan Africa;2;2;1;3;3;1.0;1.0;1.0;1.0;1.0;1.0;1.0;1.0;1.0;1.0;1.0;1.0;1.0;1.0;1.0;1.0;1;1;1;1;1;1;1;1;1;1;1;1;0.0;0.0;0.0;0.0;0.0;0.0;0.0;0.0;0.0;0.0;0.0;0.0;0.0;0.0;0.0;0.0;0;0;0;0;0;0;0;0;0;0;0;0;0.0;0.0;0.0;0.0;0.0;0.0;0.0;0.0;0.0;0.0;0.0;0.0;0.0;0.0;0.0;0.0;0;0;0;0;0;0;0;0;0;0;0;0;0.0;0.0;0.0;0.0;0.0;0.0;0.0;0.0;0.0;0.0;0.0;0.0;0.0;0.0;0.0;0.0;0;0;0;0;0;0;0;0;0;0;0;0;1.0;2;1.0;1;3;1;1.0;1;1.0;2;1;5.0;3.0;3.0;1.0;5.0;1.0;4;1.0;4.0;1.0;2022.0
128;Norway;NO;NOR;Europe & Central Asia;4;4;5;5;5;1.0;1.0;1.0;1.0;1.0;1.0;1.0;1.0;1.0;1.0;1.0;1.0;1.0;1.0;1.0;1.0;1;1;1;1;1;1;1;1;1;1;1;1;1.0;1.0;1.0;1.0;1.0;1.0;1.0;1.0;1.0;1.0;1.0;1.0;1.0;1.0;1.0;1.0;1;1;1;1;1;1;1;1;1;1;1;1;1.0;1.0;1.0;1.0;1.0;1.0;1.0;1.0;1.0;1.0;1.0;1.0;1.0;1.0;1.0;1.0;1;1;1;1;1;1;1;1;1;1;1;1;1.0;1.0;1.0;1.0;1.0;1.0;1.0;1.0;1.0;1.0;1.0;1.0;1.0;1.0;1.0;1.0;1;1;1;1;1;1;1;1;1;1;1;1;5.0;3;4.0;3;5;5;5.0;5;5.0;5;5;5.0;5.0;5.0;5.0;4.0;4.0;5;5.0;5.0;4.0;2022.0
129;Oman;OM;OMN;Middle East & North Africa;4;2;1;3;1;0.0;0.0;0.0;0.0;0.0;0.0;0.0;0.0;0.0;0.0;0.0;0.0;0.0;0.0;0.0;0.0;1;1;1;1;1;1;1;1;1;1;1;1;0.0;0.0;0.0;0.0;0.0;0.0;0.0;0.0;0.0;0.0;0.0;0.0;0.0;0.0;0.0;0.0;0;0;0;0;0;0;0;0;0;0;0;0;0.0;0.0;0.0;0.0;0.0;0.0;0.0;0.0;0.0;0.0;0.0;0.0;0.0;0.0;0.0;0.0;0;0;0;0;0;0;0;0;0;0;0;0;0.0;0.0;0.0;0.0;0.0;0.0;0.0;0.0;0.0;0.0;0.0;0.0;0.0;0.0;0.0;0.0;0;0;0;0;0;0;0;0;0;0;0;0;1.0;2;1.0;1;5;1;1.0;1;1.0;2;1;1.0;1.0;3.0;1.0;4.0;1.0;3;1.0;4.0;1.0;2022.0
130;Pakistan;PK;PAK;South Asia;2;2;1;3;3;1.0;1.0;1.0;1.0;1.0;1.0;1.0;1.0;1.0;1.0;1.0;1.0;1.0;1.0;1.0;1.0;1;1;1;1;1;1;1;1;1;1;1;1;0.0;0.0;0.0;0.0;0.0;0.0;0.0;0.0;0.0;0.0;0.0;0.0;0.0;0.0;0.0;0.0;0;0;0;0;0;0;0;0;0;0;0;0;0.0;0.0;0.0;0.0;0.0;0.0;0.0;0.0;0.0;0.0;0.0;0.0;0.0;0.0;0.0;0.0;0;0;0;0;0;0;0;0;0;0;0;0;0.0;0.0;0.0;0.0;0.0;0.0;0.0;0.0;0.0;0.0;0.0;0.0;0.0;0.0;0.0;0.0;0;0;0;0;0;0;0;0;0;0;0;0;1.0;2;1.0;1;5;1;1.0;1;1.0;2;1;1.0;1.0;3.0;1.0;4.0;1.0;4;1.0;4.0;1.0;2022.0
131;Palau;PW;PLW;East Asia & Pacific;4;1;1;1;1;0.0;0.0;0.0;0.0;0.0;0.0;0.0;0.0;0.0;0.0;0.0;0.0;0.0;0.0;0.0;0.0;0;0;0;0;0;0;0;0;0;0;0;0;0.0;0.0;0.0;0.0;0.0;0.0;0.0;0.0;0.0;0.0;0.0;0.0;0.0;0.0;0.0;0.0;0;0;0;0;0;0;0;0;0;0;0;0;0.0;0.0;0.0;0.0;0.0;0.0;0.0;0.0;0.0;0.0;0.0;0.0;0.0;0.0;0.0;0.0;0;0;0;0;0;0;0;0;0;0;0;0;0.0;0.0;0.0;0.0;0.0;0.0;0.0;0.0;0.0;0.0;0.0;0.0;0.0;0.0;0.0;0.0;0;0;0;0;0;0;0;0;0;0;0;0;1.0;1;1.0;1;1;1;1.0;1;1.0;1;1;1.0;1.0;1.0;1.0;1.0;1.0;1;1.0;1.0;1.0;2022.0
132;Panama;PA;PAN;Americas;2;3;2;5;3;1.0;1.0;1.0;1.0;1.0;1.0;1.0;1.0;1.0;1.0;1.0;1.0;1.0;1.0;1.0;1.0;1;1;1;1;1;1;1;1;1;1;1;1;0.0;0.0;0.0;0.0;0.0;0.0;0.0;0.0;0.0;0.0;0.0;0.0;0.0;0.0;0.0;0.0;0;0;0;0;0;0;1;1;1;1;1;1;1.0;1.0;1.0;1.0;1.0;1.0;1.0;1.0;1.0;1.0;1.0;1.0;1.0;1.0;1.0;1.0;1;1;1;1;1;1;1;1;1;1;1;1;0.0;0.0;0.0;0.0;0.0;0.0;0.0;0.0;0.0;0.0;0.0;0.0;0.0;0.0;0.0;0.0;0;0;0;0;0;0;0;0;0;0;0;0;3.0;3;2.0;1;5;5;1.0;1;2.0;3;2;5.0;3.0;5.0;3.0;5.0;4.0;5;4.0;4.0;4.0;2022.0
133;Papua New Guinea;PG;PNG;East Asia & Pacific;2;1;1;1;1;0.0;0.0;0.0;0.0;0.0;0.0;0.0;0.0;0.0;0.0;0.0;0.0;0.0;0.0;0.0;0.0;0;0;0;0;0;0;0;0;0;0;0;0;0.0;0.0;0.0;0.0;0.0;0.0;0.0;0.0;0.0;0.0;0.0;0.0;0.0;0.0;0.0;0.0;0;0;0;0;0;0;0;0;0;0;0;0;0.0;0.0;0.0;0.0;0.0;0.0;0.0;0.0;0.0;0.0;0.0;0.0;0.0;0.0;0.0;0.0;0;0;0;0;0;0;0;0;0;0;0;0;0.0;0.0;0.0;0.0;0.0;0.0;0.0;0.0;0.0;0.0;0.0;0.0;0.0;0.0;0.0;0.0;0;0;0;0;0;0;0;0;0;0;0;0;1.0;1;1.0;1;1;1;1.0;1;1.0;1;1;5.0;3.0;1.0;1.0;1.0;1.0;1;1.0;1.0;1.0;2022.0
134;Paraguay;PY;PRY;Americas;2;3;2;5;3;1.0;1.0;1.0;1.0;1.0;1.0;1.0;1.0;1.0;1.0;1.0;1.0;1.0;1.0;1.0;1.0;1;1;1;1;1;1;1;1;1;1;1;1;1.0;1.0;1.0;1.0;1.0;1.0;1.0;1.0;1.0;1.0;1.0;1.0;1.0;1.0;1.0;1.0;1;1;1;1;1;1;1;1;1;1;1;1;0.0;0.0;0.0;0.0;0.0;0.0;0.0;0.0;0.0;0.0;0.0;0.0;0.0;0.0;0.0;0.0;0;0;0;0;1;1;1;1;1;1;1;1;0.0;0.0;0.0;0.0;0.0;0.0;0.0;0.0;0.0;0.0;0.0;0.0;0.0;0.0;0.0;0.0;0;0;0;0;0;0;0;0;0;0;0;0;3.0;3;2.0;1;5;5;1.0;1;2.0;3;2;5.0;3.0;5.0;3.0;5.0;5.0;5;4.0;4.0;4.0;2022.0
135;Peru;PE;PER;Americas;2;3;2;5;3;1.0;1.0;1.0;1.0;1.0;1.0;1.0;1.0;1.0;1.0;1.0;1.0;1.0;1.0;1.0;1.0;1;1;1;1;1;1;1;1;1;1;1;1;0.0;0.0;0.0;0.0;0.0;0.0;0.0;0.0;0.0;0.0;0.0;0.0;0.0;0.0;0.0;1.0;1;1;1;1;1;1;1;1;1;1;1;1;0.0;0.0;0.0;0.0;0.0;0.0;0.0;0.0;0.0;0.0;0.0;0.0;0.0;0.0;0.0;0.0;0;0;0;0;0;1;1;1;1;1;1;1;0.0;0.0;0.0;0.0;0.0;0.0;0.0;0.0;0.0;0.0;0.0;0.0;0.0;0.0;0.0;0.0;0;0;0;0;0;0;0;0;0;0;0;0;3.0;3;2.0;1;5;5;1.0;1;2.0;3;2;5.0;3.0;3.0;3.0;5.0;4.0;5;4.0;5.0;5.0;2022.0
136;The Philippines;PH;PHL;East Asia & Pacific;2;3;2;5;3;1.0;1.0;1.0;1.0;1.0;1.0;1.0;1.0;1.0;1.0;1.0;1.0;1.0;1.0;1.0;1.0;1;1;1;1;1;1;1;1;1;1;1;1;0.0;1.0;1.0;1.0;1.0;1.0;1.0;1.0;1.0;1.0;1.0;1.0;1.0;1.0;1.0;1.0;1;1;1;1;1;1;1;1;1;1;1;1;0.0;0.0;0.0;0.0;0.0;0.0;0.0;0.0;0.0;0.0;0.0;0.0;0.0;0.0;0.0;0.0;0;0;0;0;0;0;0;0;1;1;1;1;0.0;0.0;0.0;0.0;0.0;0.0;0.0;0.0;0.0;0.0;0.0;0.0;0.0;0.0;0.0;0.0;0;0;0;0;0;0;0;0;0;0;0;0;3.0;3;2.0;1;5;5;1.0;1;2.0;2;1;5.0;3.0;5.0;5.0;5.0;5.0;5;5.0;5.0;5.0;2022.0
137;Poland;PL;POL;Europe & Central Asia;4;5;5;5;5;1.0;1.0;1.0;1.0;1.0;1.0;1.0;1.0;1.0;1.0;1.0;1.0;1.0;1.0;1.0;1.0;1;1;1;1;1;1;1;1;1;1;1;1;0.0;0.0;0.0;0.0;0.0;0.0;1.0;1.0;1.0;1.0;1.0;1.0;1.0;1.0;1.0;1.0;1;1;1;1;1;1;1;1;1;1;1;1;1.0;1.0;1.0;1.0;1.0;1.0;1.0;1.0;1.0;1.0;1.0;1.0;1.0;1.0;1.0;1.0;1;1;1;1;1;1;1;1;1;1;1;1;0.0;0.0;0.0;0.0;0.0;0.0;0.0;0.0;0.0;0.0;0.0;0.0;0.0;0.0;0.0;0.0;0;0;1;1;1;1;1;1;1;1;1;1;3.0;3;2.0;4;5;5;3.0;5;5.0;5;5;5.0;5.0;5.0;5.0;4.0;4.0;4;4.0;5.0;5.0;2022.0
138;Portugal;PT;PRT;Europe & Central Asia;4;4;5;5;5;1.0;1.0;1.0;1.0;1.0;1.0;1.0;1.0;1.0;1.0;1.0;1.0;1.0;1.0;1.0;1.0;1;1;1;1;1;1;1;1;1;1;1;1;1.0;1.0;1.0;1.0;1.0;1.0;1.0;1.0;1.0;1.0;1.0;1.0;1.0;1.0;1.0;1.0;1;1;1;1;1;1;1;1;1;1;1;1;1.0;1.0;1.0;1.0;1.0;1.0;1.0;1.0;1.0;1.0;1.0;1.0;1.0;1.0;1.0;1.0;1;1;1;1;1;1;1;1;1;1;1;1;0.0;0.0;0.0;0.0;0.0;1.0;1.0;1.0;1.0;1.0;1.0;1.0;1.0;1.0;1.0;1.0;1;1;1;1;1;1;1;1;1;1;1;1;5.0;3;4.0;3;5;5;3.0;5;5.0;3;5;5.0;5.0;5.0;5.0;5.0;5.0;5;5.0;5.0;5.0;2022.0
139;Qatar;QA;QAT;Middle East & North Africa;4;2;1;3;1;0.0;0.0;0.0;0.0;0.0;0.0;0.0;0.0;0.0;1.0;1.0;1.0;1.0;1.0;1.0;1.0;1;1;1;1;1;1;1;1;1;1;1;1;0.0;0.0;0.0;0.0;0.0;0.0;0.0;0.0;0.0;0.0;0.0;0.0;0.0;0.0;0.0;0.0;0;0;0;0;0;0;0;0;0;0;0;0;0.0;0.0;0.0;0.0;0.0;0.0;0.0;0.0;0.0;0.0;0.0;0.0;0.0;0.0;0.0;0.0;0;0;0;0;0;0;0;0;0;0;0;0;0.0;0.0;0.0;0.0;0.0;0.0;0.0;0.0;0.0;0.0;0.0;0.0;0.0;0.0;0.0;0.0;0;0;0;0;0;0;0;0;0;0;0;0;1.0;2;1.0;1;5;1;1.0;1;1.0;2;1;5.0;3.0;3.0;1.0;3.0;1.0;3;1.0;4.0;1.0;2022.0
140;Romania;RO;ROU;Europe & Central Asia;2;5;5;5;5;1.0;1.0;1.0;1.0;1.0;1.0;1.0;1.0;1.0;1.0;1.0;1.0;1.0;1.0;1.0;1.0;1;1;1;1;1;1;1;1;1;1;1;1;0.0;0.0;1.0;1.0;1.0;1.0;1.0;1.0;1.0;1.0;1.0;1.0;1.0;1.0;1.0;1.0;1;1;1;1;1;1;1;1;1;1;1;1;1.0;1.0;1.0;1.0;1.0;1.0;1.0;1.0;1.0;1.0;1.0;1.0;1.0;1.0;1.0;1.0;1;1;1;1;1;1;1;1;1;1;1;1;0.0;0.0;1.0;1.0;1.0;1.0;1.0;1.0;1.0;1.0;1.0;1.0;1.0;1.0;1.0;1.0;1;1;1;1;1;1;1;1;1;1;1;1;5.0;3;2.0;5;5;5;5.0;5;5.0;3;5;5.0;5.0;5.0;5.0;5.0;5.0;4;4.0;5.0;5.0;2022.0
141;Russian Federation;RU;RUS;Europe & Central Asia;2;5;5;5;5;1.0;1.0;1.0;1.0;1.0;1.0;1.0;1.0;1.0;1.0;1.0;1.0;1.0;1.0;1.0;1.0;1;1;1;1;1;1;1;1;1;1;1;1;1.0;1.0;1.0;1.0;1.0;1.0;1.0;1.0;1.0;1.0;1.0;1.0;1.0;1.0;1.0;1.0;1;1;1;1;1;1;1;1;1;1;1;1;1.0;1.0;1.0;1.0;1.0;1.0;1.0;1.0;1.0;1.0;1.0;1.0;1.0;1.0;1.0;1.0;1;1;1;1;1;1;1;1;1;1;1;1;1.0;1.0;1.0;1.0;1.0;1.0;1.0;1.0;1.0;1.0;1.0;1.0;1.0;1.0;1.0;1.0;1;1;1;1;1;1;1;1;1;1;1;1;2.0;3;1.0;5;5;1;3.0;5;1.0;5;5;5.0;5.0;5.0;5.0;4.0;4.0;4;4.0;5.0;5.0;2022.0
142;Rwanda;RW;RWA;Sub-Saharan Africa;1;2;2;5;3;1.0;1.0;1.0;1.0;1.0;1.0;1.0;1.0;1.0;1.0;1.0;1.0;1.0;1.0;1.0;1.0;1;1;1;1;1;1;1;1;1;1;1;1;0.0;0.0;0.0;0.0;0.0;0.0;0.0;0.0;0.0;0.0;0.0;0.0;0.0;0.0;0.0;1.0;1;1;1;1;1;1;1;1;1;1;1;1;0.0;0.0;0.0;0.0;0.0;0.0;0.0;0.0;0.0;0.0;0.0;0.0;0.0;0.0;0.0;0.0;0;0;0;0;0;0;0;0;0;0;0;0;0.0;0.0;0.0;0.0;0.0;0.0;0.0;0.0;0.0;0.0;0.0;0.0;0.0;0.0;0.0;0.0;0;0;0;0;0;0;0;0;0;0;0;0;3.0;2;2.0;1;5;5;1.0;1;5.0;2;1;5.0;3.0;3.0;3.0;4.0;4.0;4;4.0;4.0;4.0;2022.0
143;Samoa;WS;WSM;East Asia & Pacific;2;2;2;5;1;0.0;0.0;0.0;0.0;0.0;0.0;0.0;0.0;0.0;0.0;0.0;0.0;0.0;0.0;0.0;0.0;0;0;1;1;1;1;1;1;1;1;1;1;0.0;0.0;0.0;0.0;0.0;0.0;0.0;0.0;0.0;0.0;0.0;0.0;0.0;0.0;0.0;0.0;0;0;1;1;1;1;1;1;1;1;1;1;0.0;0.0;0.0;0.0;0.0;0.0;0.0;0.0;0.0;0.0;0.0;0.0;0.0;0.0;0.0;0.0;0;0;0;0;0;0;0;0;0;0;0;0;0.0;0.0;0.0;0.0;0.0;0.0;0.0;0.0;0.0;0.0;0.0;0.0;0.0;0.0;0.0;0.0;0;0;0;0;0;0;0;0;0;0;0;0;3.0;2;2.0;1;4;5;1.0;1;5.0;2;1;5.0;3.0;3.0;3.0;5.0;5.0;4;4.0;5.0;5.0;2022.0
144;San Marino;SM;SMR;Europe & Central Asia;4;5;5;5;5;1.0;1.0;1.0;1.0;1.0;1.0;1.0;1.0;1.0;1.0;1.0;1.0;1.0;1.0;1.0;1.0;1;1;1;1;1;1;1;1;1;1;1;1;0.0;0.0;0.0;0.0;0.0;0.0;0.0;0.0;1.0;1.0;1.0;1.0;1.0;1.0;1.0;1.0;1;1;1;1;1;1;1;1;1;1;1;1;1.0;1.0;1.0;1.0;1.0;1.0;1.0;1.0;1.0;1.0;1.0;1.0;1.0;1.0;1.0;1.0;1;1;1;1;1;1;1;1;1;1;1;1;0.0;0.0;0.0;0.0;0.0;0.0;0.0;0.0;1.0;1.0;1.0;1.0;1.0;1.0;1.0;1.0;1;1;1;1;1;1;1;1;1;1;1;1;2.0;3;1.0;5;5;1;3.0;5;1.0;5;5;5.0;5.0;5.0;5.0;5.0;5.0;5;3.0;2.0;2.0;2022.0
145;Sao Tome and Principe;ST;STP;Sub-Saharan Africa;2;3;1;3;3;1.0;1.0;1.0;1.0;1.0;1.0;1.0;1.0;1.0;1.0;1.0;1.0;1.0;1.0;1.0;1.0;1;1;1;1;1;1;1;1;1;1;1;1;0.0;0.0;0.0;0.0;0.0;0.0;0.0;0.0;0.0;0.0;0.0;0.0;0.0;0.0;0.0;0.0;0;0;0;0;0;0;0;0;0;0;0;0;0.0;0.0;0.0;0.0;0.0;0.0;0.0;0.0;0.0;0.0;0.0;0.0;0.0;0.0;0.0;0.0;0;0;0;0;0;0;0;0;1;1;1;1;0.0;0.0;0.0;0.0;0.0;0.0;0.0;0.0;0.0;0.0;0.0;0.0;0.0;0.0;0.0;0.0;0;0;0;0;0;0;0;0;0;0;0;0;1.0;3;1.0;1;5;1;1.0;1;1.0;3;5;5.0;3.0;5.0;1.0;4.0;1.0;5;1.0;4.0;1.0;2022.0
146;Saudi Arabia;SA;SAU;Middle East & North Africa;4;2;2;5;1;1.0;1.0;1.0;1.0;1.0;1.0;1.0;1.0;1.0;1.0;1.0;1.0;1.0;1.0;1.0;1.0;1;1;1;1;1;1;1;1;1;1;1;1;1.0;1.0;1.0;1.0;1.0;1.0;1.0;1.0;1.0;1.0;1.0;1.0;1.0;1.0;1.0;1.0;1;1;1;1;1;1;1;1;1;1;1;1;0.0;0.0;0.0;0.0;0.0;0.0;0.0;0.0;0.0;0.0;0.0;0.0;0.0;0.0;0.0;0.0;0;0;0;0;0;0;0;0;0;0;0;0;0.0;0.0;0.0;0.0;0.0;0.0;0.0;0.0;0.0;0.0;0.0;0.0;0.0;0.0;0.0;0.0;0;0;0;0;0;0;0;0;0;0;0;0;3.0;2;2.0;1;5;5;1.0;1;2.0;2;1;5.0;3.0;3.0;3.0;3.0;3.0;3;3.0;;;2022.0
147;Senegal;SN;SEN;Sub-Saharan Africa;2;3;1;3;3;1.0;1.0;1.0;1.0;1.0;1.0;1.0;1.0;1.0;1.0;1.0;1.0;1.0;1.0;1.0;1.0;1;1;1;1;1;1;1;1;1;1;1;1;0.0;0.0;0.0;0.0;0.0;0.0;0.0;0.0;0.0;0.0;0.0;0.0;0.0;0.0;0.0;0.0;0;0;0;0;0;0;0;0;0;0;0;0;1.0;1.0;1.0;1.0;1.0;1.0;1.0;1.0;1.0;1.0;1.0;1.0;1.0;1.0;1.0;1.0;1;1;1;1;1;1;1;1;1;1;1;1;0.0;0.0;0.0;0.0;0.0;0.0;0.0;0.0;0.0;0.0;0.0;0.0;0.0;0.0;0.0;0.0;0;0;0;0;0;0;0;0;0;0;0;0;1.0;3;1.0;1;5;1;1.0;1;1.0;2;1;5.0;3.0;3.0;1.0;4.0;1.0;5;1.0;5.0;1.0;2022.0
148;Serbia;RS;SRB;Europe & Central Asia;2;5;5;5;5;;;;;;;;;;;;1.0;1.0;1.0;1.0;1.0;1;1;1;1;1;1;1;1;1;1;1;1;;;;;;;;;;;;1.0;1.0;1.0;1.0;1.0;1;1;1;1;1;1;1;1;1;1;1;1;;;;;;;;;;;;1.0;1.0;1.0;1.0;1.0;1;1;1;1;1;1;1;1;1;1;1;1;;;;;;;;;;;;1.0;1.0;1.0;1.0;1.0;1;1;1;1;1;1;1;1;1;1;1;1;3.0;3;2.0;4;5;5;5.0;5;5.0;3;5;5.0;5.0;5.0;5.0;4.0;4.0;4;4.0;5.0;5.0;2022.0
149;Seychelles;SC;SYC;Sub-Saharan Africa;4;3;2;5;3;1.0;1.0;1.0;1.0;1.0;1.0;1.0;1.0;1.0;1.0;1.0;1.0;1.0;1.0;1.0;1.0;1;1;1;1;1;1;1;1;1;1;1;1;0.0;0.0;0.0;0.0;0.0;0.0;0.0;0.0;0.0;0.0;0.0;0.0;0.0;0.0;0.0;0.0;0;0;0;0;1;1;1;1;1;1;1;1;0.0;0.0;0.0;0.0;0.0;0.0;0.0;0.0;0.0;0.0;0.0;0.0;0.0;0.0;0.0;1.0;1;1;1;1;1;1;1;1;1;1;1;1;0.0;0.0;0.0;0.0;0.0;0.0;0.0;0.0;0.0;0.0;0.0;0.0;0.0;0.0;0.0;0.0;0;0;0;0;0;0;0;0;0;0;0;0;3.0;3;2.0;1;5;5;1.0;1;2.0;2;1;1.0;1.0;5.0;5.0;4.0;4.0;5;5.0;5.0;5.0;2022.0
150;Sierra Leone;SL;SLE;Sub-Saharan Africa;1;2;1;3;3;0.0;0.0;0.0;0.0;0.0;0.0;0.0;1.0;1.0;1.0;1.0;1.0;1.0;1.0;1.0;1.0;1;1;1;1;1;1;1;1;1;1;1;1;0.0;0.0;0.0;0.0;0.0;0.0;0.0;0.0;0.0;0.0;0.0;0.0;0.0;0.0;0.0;0.0;0;0;0;0;0;0;0;0;0;0;0;0;0.0;0.0;0.0;0.0;0.0;0.0;0.0;0.0;0.0;0.0;0.0;0.0;0.0;0.0;0.0;0.0;0;0;0;0;0;0;0;0;0;0;0;0;0.0;0.0;0.0;0.0;0.0;0.0;0.0;0.0;0.0;0.0;0.0;0.0;0.0;0.0;0.0;0.0;0;0;0;0;0;0;0;0;0;0;0;0;1.0;2;1.0;1;5;1;1.0;1;1.0;2;1;1.0;1.0;3.0;1.0;5.0;1.0;4;1.0;4.0;1.0;2022.0
151;Singapore;SG;SGP;East Asia & Pacific;4;3;3;5;3;1.0;1.0;1.0;1.0;1.0;1.0;1.0;1.0;1.0;1.0;1.0;1.0;1.0;1.0;1.0;1.0;1;1;1;1;1;1;1;1;1;1;1;1;0.0;0.0;0.0;0.0;0.0;0.0;0.0;0.0;0.0;0.0;0.0;0.0;0.0;0.0;0.0;0.0;0;0;0;1;1;1;1;1;1;1;1;1;0.0;0.0;0.0;0.0;0.0;0.0;0.0;0.0;0.0;0.0;0.0;0.0;0.0;0.0;1.0;1.0;1;1;1;1;1;1;1;1;1;1;1;1;0.0;0.0;0.0;0.0;0.0;0.0;0.0;0.0;0.0;0.0;0.0;0.0;0.0;0.0;0.0;0.0;0;0;0;0;0;0;0;0;0;0;0;0;3.0;3;2.0;1;5;5;1.0;1;2.0;5;3;1.0;1.0;5.0;5.0;4.0;4.0;4;4.0;5.0;5.0;2022.0
152;Slovakia;SK;SVK;Europe & Central Asia;4;5;5;5;5;1.0;1.0;1.0;1.0;1.0;1.0;1.0;1.0;1.0;1.0;1.0;1.0;1.0;1.0;1.0;1.0;1;1;1;1;1;1;1;1;1;1;1;1;1.0;1.0;1.0;1.0;1.0;1.0;1.0;1.0;1.0;1.0;1.0;1.0;1.0;1.0;1.0;1.0;1;1;1;1;1;1;1;1;1;1;1;1;1.0;1.0;1.0;1.0;1.0;1.0;1.0;1.0;1.0;1.0;1.0;1.0;1.0;1.0;1.0;1.0;1;1;1;1;1;1;1;1;1;1;1;1;1.0;1.0;1.0;1.0;1.0;1.0;1.0;1.0;1.0;1.0;1.0;1.0;1.0;1.0;1.0;1.0;1;1;1;1;1;1;1;1;1;1;1;1;5.0;4;5.0;5;4;4;2.0;5;5.0;5;5;5.0;5.0;5.0;5.0;4.0;4.0;4;4.0;5.0;5.0;2022.0
153;Slovenia;SI;SVN;Europe & Central Asia;4;5;5;5;5;1.0;1.0;1.0;1.0;1.0;1.0;1.0;1.0;1.0;1.0;1.0;1.0;1.0;1.0;1.0;1.0;1;1;1;1;1;1;1;1;1;1;1;1;1.0;1.0;1.0;1.0;1.0;1.0;1.0;1.0;1.0;1.0;1.0;1.0;1.0;1.0;1.0;1.0;1;1;1;1;1;1;1;1;1;1;1;1;1.0;1.0;1.0;1.0;1.0;1.0;1.0;1.0;1.0;1.0;1.0;1.0;1.0;1.0;1.0;1.0;1;1;1;1;1;1;1;1;1;1;1;1;1.0;1.0;1.0;1.0;1.0;1.0;1.0;1.0;1.0;1.0;1.0;1.0;1.0;1.0;1.0;1.0;1;1;1;1;1;1;1;1;1;1;1;1;5.0;4;4.0;1;5;5;1.0;1;2.0;3;5;5.0;5.0;5.0;5.0;5.0;5.0;4;4.0;5.0;5.0;2022.0
154;Solomon Islands;SB;SLB;East Asia & Pacific;2;2;1;3;3;1.0;1.0;1.0;1.0;1.0;1.0;1.0;1.0;1.0;1.0;1.0;1.0;1.0;1.0;1.0;1.0;1;1;1;1;1;1;1;1;1;1;1;1;0.0;0.0;0.0;0.0;0.0;0.0;0.0;0.0;0.0;0.0;0.0;0.0;0.0;0.0;0.0;0.0;0;0;0;0;0;0;0;0;0;0;0;0;0.0;0.0;0.0;0.0;0.0;0.0;0.0;0.0;0.0;0.0;0.0;0.0;0.0;0.0;0.0;0.0;0;0;0;0;0;0;0;0;0;0;0;0;0.0;0.0;0.0;0.0;0.0;0.0;0.0;0.0;0.0;0.0;0.0;0.0;0.0;0.0;0.0;0.0;0;0;0;0;0;0;0;0;0;0;0;0;1.0;2;1.0;1;3;1;1.0;1;1.0;2;1;5.0;3.0;3.0;1.0;4.0;1.0;5;1.0;4.0;1.0;2022.0
155;Somalia;SO;SOM;Sub-Saharan Africa;1;3;1;3;3;1.0;1.0;1.0;1.0;1.0;1.0;1.0;1.0;1.0;1.0;1.0;1.0;1.0;1.0;1.0;1.0;1;1;1;1;1;1;1;1;1;1;1;1;0.0;0.0;0.0;0.0;0.0;0.0;0.0;0.0;0.0;0.0;0.0;0.0;0.0;0.0;0.0;0.0;0;0;0;0;0;0;0;0;0;0;0;0;1.0;1.0;1.0;1.0;1.0;1.0;1.0;1.0;1.0;1.0;1.0;1.0;1.0;1.0;1.0;1.0;1;1;1;1;1;1;1;1;1;1;1;1;0.0;0.0;0.0;0.0;0.0;0.0;0.0;0.0;0.0;0.0;0.0;0.0;0.0;0.0;0.0;0.0;0;0;0;0;0;0;0;0;0;0;0;0;1.0;3;1.0;1;3;1;1.0;1;1.0;2;1;5.0;3.0;3.0;1.0;4.0;1.0;4;1.0;4.0;1.0;2022.0
156;South Africa;ZA;ZAF;Sub-Saharan Africa;2;3;2;5;3;1.0;1.0;1.0;1.0;1.0;1.0;1.0;1.0;1.0;1.0;1.0;1.0;1.0;1.0;1.0;1.0;1;1;1;1;1;1;1;1;1;1;1;1;0.0;0.0;1.0;1.0;1.0;1.0;1.0;1.0;1.0;1.0;1.0;1.0;1.0;1.0;1.0;1.0;1;1;1;1;1;1;1;1;1;1;1;1;0.0;0.0;1.0;1.0;1.0;1.0;1.0;1.0;1.0;1.0;1.0;1.0;1.0;1.0;1.0;1.0;1;1;1;1;1;1;1;1;1;1;1;1;0.0;0.0;0.0;0.0;0.0;0.0;0.0;0.0;0.0;0.0;0.0;0.0;0.0;0.0;0.0;0.0;0;0;0;0;0;0;0;0;0;0;0;0;3.0;3;2.0;1;4;4;1.0;1;5.0;3;5;1.0;1.0;3.0;3.0;5.0;5.0;5;5.0;5.0;5.0;2022.0
157;South Sudan;SS;SSD;Sub-Saharan Africa;1;2;2;5;3;;;;;;;;;;;;;;;;;1;1;1;1;1;1;1;1;1;1;1;1;;;;;;;;;;;;;;;;;0;0;0;0;0;0;1;1;1;1;1;1;;;;;;;;;;;;;;;;;0;0;0;0;0;0;0;0;0;0;0;0;;;;;;;;;;;;;;;;;0;0;0;0;0;0;0;0;0;0;0;0;3.0;2;2.0;1;5;5;1.0;1;5.0;2;1;5.0;3.0;3.0;3.0;4.0;4.0;4;4.0;3.0;3.0;2022.0
158;Spain;ES;ESP;Europe & Central Asia;4;3;4;5;5;1.0;1.0;1.0;1.0;1.0;1.0;1.0;1.0;1.0;1.0;1.0;1.0;1.0;1.0;1.0;1.0;1;1;1;1;1;1;1;1;1;1;1;1;1.0;1.0;1.0;1.0;1.0;1.0;1.0;1.0;1.0;1.0;1.0;1.0;1.0;1.0;1.0;1.0;1;1;1;1;1;1;1;1;1;1;1;1;1.0;1.0;1.0;1.0;1.0;1.0;1.0;1.0;1.0;1.0;1.0;1.0;1.0;1.0;1.0;1.0;1;1;1;1;1;1;1;1;1;1;1;1;0.0;0.0;0.0;0.0;0.0;0.0;0.0;0.0;0.0;0.0;0.0;0.0;0.0;0.0;0.0;0.0;0;0;0;0;0;0;1;1;0;1;1;1;5.0;3;4.0;1;5;5;1.0;1;5.0;5;5;5.0;3.0;5.0;5.0;5.0;5.0;5;5.0;5.0;5.0;2022.0
159;Sri Lanka;LK;LKA;South Asia;2;2;1;3;3;1.0;1.0;1.0;1.0;1.0;1.0;1.0;1.0;1.0;1.0;1.0;1.0;1.0;1.0;1.0;1.0;1;1;1;1;1;1;1;1;1;1;1;1;0.0;0.0;0.0;0.0;0.0;0.0;0.0;0.0;0.0;0.0;0.0;0.0;0.0;0.0;0.0;0.0;0;0;0;0;0;0;0;0;0;0;0;0;0.0;0.0;0.0;0.0;0.0;0.0;0.0;0.0;0.0;0.0;0.0;0.0;0.0;0.0;0.0;0.0;0;0;0;0;0;0;0;0;0;0;0;0;0.0;0.0;0.0;0.0;0.0;0.0;0.0;0.0;0.0;0.0;0.0;0.0;0.0;0.0;0.0;0.0;0;0;0;0;0;0;0;0;0;0;0;0;1.0;2;1.0;1;5;1;1.0;1;1.0;2;1;5.0;3.0;3.0;1.0;4.0;1.0;4;1.0;4.0;1.0;2022.0
160;St. Kitts and Nevis;KN;KNA;Americas;4;2;1;3;3;1.0;1.0;1.0;1.0;1.0;1.0;1.0;1.0;1.0;1.0;1.0;1.0;1.0;1.0;1.0;1.0;1;1;1;1;1;1;1;1;1;1;1;1;0.0;0.0;0.0;0.0;0.0;0.0;0.0;0.0;0.0;0.0;0.0;0.0;0.0;0.0;0.0;0.0;0;0;0;0;0;0;0;0;0;0;0;0;0.0;0.0;0.0;0.0;0.0;0.0;0.0;0.0;0.0;0.0;0.0;0.0;0.0;0.0;0.0;0.0;0;0;0;0;0;0;0;0;0;0;0;0;0.0;0.0;0.0;0.0;0.0;0.0;0.0;0.0;0.0;0.0;0.0;0.0;0.0;0.0;0.0;0.0;0;0;0;0;0;0;0;0;0;0;0;0;1.0;2;1.0;1;3;1;1.0;1;1.0;2;1;1.0;1.0;5.0;1.0;4.0;1.0;4;1.0;4.0;1.0;2022.0
161;St. Lucia;LC;LCA;Americas;2;2;1;3;3;1.0;1.0;1.0;1.0;1.0;1.0;1.0;1.0;1.0;1.0;1.0;1.0;1.0;1.0;1.0;1.0;1;1;1;1;1;1;1;1;1;1;1;1;0.0;0.0;0.0;0.0;0.0;0.0;0.0;0.0;0.0;0.0;0.0;0.0;0.0;0.0;0.0;0.0;0;0;0;0;0;0;0;0;0;0;0;0;0.0;0.0;0.0;0.0;0.0;0.0;0.0;0.0;0.0;0.0;0.0;0.0;0.0;0.0;0.0;0.0;0;0;0;0;0;0;0;0;0;0;0;0;0.0;0.0;0.0;0.0;0.0;0.0;0.0;0.0;0.0;0.0;0.0;0.0;0.0;0.0;0.0;0.0;0;0;0;0;0;0;0;0;0;0;0;0;1.0;2;1.0;1;3;1;1.0;1;1.0;2;1;1.0;1.0;5.0;1.0;4.0;1.0;5;1.0;5.0;1.0;2022.0
162;St. Vincent and the Grenadines;VC;VCT;Americas;2;2;1;3;3;1.0;1.0;1.0;1.0;1.0;1.0;1.0;1.0;1.0;1.0;1.0;1.0;1.0;1.0;1.0;1.0;1;1;1;1;1;1;1;1;1;1;1;1;0.0;0.0;0.0;0.0;0.0;0.0;0.0;0.0;0.0;0.0;0.0;0.0;0.0;0.0;0.0;0.0;0;0;0;0;0;0;0;0;0;0;0;0;0.0;0.0;0.0;0.0;0.0;0.0;0.0;0.0;0.0;0.0;0.0;0.0;0.0;0.0;0.0;0.0;0;0;0;0;0;0;0;0;0;0;0;0;0.0;0.0;0.0;0.0;0.0;0.0;0.0;0.0;0.0;0.0;0.0;0.0;0.0;0.0;0.0;0.0;0;0;0;0;0;0;0;0;0;0;0;0;1.0;2;1.0;1;3;1;1.0;1;1.0;2;1;1.0;1.0;5.0;1.0;5.0;1.0;5;1.0;4.0;1.0;2022.0
163;Sudan;SD;SDN;Sub-Saharan Africa;1;2;1;3;1;1.0;1.0;1.0;1.0;1.0;1.0;1.0;1.0;1.0;1.0;1.0;1.0;1.0;1.0;1.0;1.0;1;1;1;1;1;1;1;1;1;1;1;1;0.0;0.0;0.0;0.0;0.0;0.0;0.0;0.0;0.0;0.0;0.0;0.0;0.0;0.0;0.0;0.0;0;0;0;0;0;0;0;0;0;0;0;0;0.0;0.0;0.0;0.0;0.0;0.0;0.0;0.0;0.0;0.0;0.0;0.0;0.0;0.0;0.0;0.0;0;0;0;0;0;0;0;0;0;0;0;0;0.0;0.0;0.0;0.0;0.0;0.0;0.0;0.0;0.0;0.0;0.0;0.0;0.0;0.0;0.0;0.0;0;0;0;0;0;0;0;0;0;0;0;0;1.0;2;1.0;1;5;1;1.0;1;1.0;2;1;5.0;3.0;3.0;1.0;3.0;1.0;3;1.0;4.0;1.0;2022.0
164;Suriname;SR;SUR;Americas;2;3;2;5;3;0.0;0.0;0.0;0.0;0.0;0.0;0.0;0.0;0.0;0.0;0.0;0.0;0.0;0.0;0.0;0.0;0;0;0;0;0;0;0;0;1;1;1;1;0.0;0.0;0.0;0.0;0.0;0.0;0.0;0.0;0.0;0.0;0.0;0.0;0.0;0.0;0.0;0.0;0;0;0;0;0;0;0;0;1;1;1;1;0.0;0.0;0.0;0.0;0.0;0.0;0.0;0.0;0.0;0.0;0.0;0.0;0.0;0.0;0.0;0.0;0;0;0;0;0;0;0;0;1;1;1;1;0.0;0.0;0.0;0.0;0.0;0.0;0.0;0.0;0.0;0.0;0.0;0.0;0.0;0.0;0.0;0.0;0;0;0;0;0;0;0;0;0;0;0;0;3.0;3;2.0;1;5;5;1.0;1;5.0;3;2;1.0;1.0;3.0;3.0;4.0;4.0;4;4.0;4.0;4.0;2022.0
165;Eswatini;SZ;SWZ;Sub-Saharan Africa;2;2;1;3;1;0.0;0.0;1.0;1.0;1.0;1.0;1.0;1.0;1.0;1.0;1.0;1.0;1.0;1.0;1.0;1.0;1;1;1;1;1;1;1;1;1;1;1;1;0.0;0.0;0.0;0.0;0.0;0.0;0.0;0.0;0.0;0.0;0.0;0.0;0.0;0.0;0.0;0.0;0;0;0;0;0;0;0;0;0;0;0;0;0.0;0.0;0.0;0.0;0.0;0.0;0.0;0.0;0.0;0.0;0.0;0.0;0.0;0.0;0.0;0.0;0;0;0;0;0;0;0;0;0;0;0;0;0.0;0.0;0.0;0.0;0.0;0.0;0.0;0.0;0.0;0.0;0.0;0.0;0.0;0.0;0.0;0.0;0;0;0;0;0;0;0;0;0;0;0;0;1.0;2;1.0;1;5;1;1.0;1;1.0;2;1;2.0;1.0;3.0;1.0;5.0;1.0;5;1.0;4.0;1.0;2022.0
166;Sweden;SE;SWE;Europe & Central Asia;4;5;5;5;5;1.0;1.0;1.0;1.0;1.0;1.0;1.0;1.0;1.0;1.0;1.0;1.0;1.0;1.0;1.0;1.0;1;1;1;1;1;1;1;1;1;1;1;1;1.0;1.0;1.0;1.0;1.0;1.0;1.0;1.0;1.0;1.0;1.0;1.0;1.0;1.0;1.0;1.0;1;1;1;1;1;1;1;1;1;1;1;1;1.0;1.0;1.0;1.0;1.0;1.0;1.0;1.0;1.0;1.0;1.0;1.0;1.0;1.0;1.0;1.0;1;1;1;1;1;1;1;1;1;1;1;1;1.0;1.0;1.0;1.0;1.0;1.0;1.0;1.0;1.0;1.0;1.0;1.0;1.0;1.0;1.0;1.0;1;1;1;1;1;1;1;1;1;1;1;1;5.0;4;5.0;1;2;2;1.0;1;5.0;5;5;5.0;5.0;5.0;5.0;4.0;4.0;4;4.0;5.0;5.0;2022.0
167;Switzerland;CH;CHE;Europe & Central Asia;4;3;2;5;3;1.0;1.0;1.0;1.0;1.0;1.0;1.0;1.0;1.0;1.0;1.0;1.0;1.0;1.0;1.0;1.0;1;1;1;1;1;1;1;1;1;1;1;1;0.0;0.0;0.0;0.0;0.0;0.0;0.0;0.0;0.0;0.0;0.0;0.0;0.0;0.0;0.0;0.0;0;0;0;0;0;0;0;0;0;0;1;1;1.0;1.0;1.0;1.0;1.0;1.0;1.0;1.0;1.0;1.0;1.0;1.0;1.0;1.0;1.0;1.0;1;1;1;1;1;1;1;1;1;1;1;1;0.0;0.0;0.0;0.0;0.0;0.0;0.0;0.0;0.0;0.0;0.0;0.0;0.0;0.0;0.0;0.0;0;0;0;0;0;0;0;0;0;0;0;0;3.0;3;2.0;1;5;5;1.0;1;2.0;2;1;5.0;3.0;5.0;5.0;4.0;4.0;4;4.0;4.0;4.0;2022.0
168;Syria;SY;SYR;Middle East & North Africa;1;3;1;3;3;1.0;1.0;1.0;1.0;1.0;1.0;1.0;1.0;1.0;1.0;1.0;1.0;1.0;1.0;1.0;1.0;1;1;1;1;1;1;1;1;1;1;1;1;0.0;0.0;0.0;0.0;0.0;0.0;0.0;0.0;0.0;0.0;0.0;0.0;0.0;0.0;0.0;0.0;0;0;0;0;0;0;0;0;0;0;0;0;0.0;0.0;0.0;0.0;0.0;0.0;0.0;1.0;1.0;1.0;1.0;1.0;1.0;1.0;1.0;1.0;1;1;1;1;1;1;1;1;1;1;1;1;0.0;0.0;0.0;0.0;0.0;0.0;0.0;0.0;0.0;0.0;0.0;0.0;0.0;0.0;0.0;0.0;0;0;0;0;0;0;0;0;0;0;0;0;1.0;3;1.0;1;5;1;1.0;1;1.0;2;1;5.0;3.0;3.0;1.0;5.0;1.0;3;1.0;3.0;1.0;2022.0
169;Tajikistan;TJ;TJK;Europe & Central Asia;2;5;1;3;3;;;1.0;1.0;1.0;1.0;1.0;1.0;1.0;1.0;1.0;1.0;1.0;1.0;1.0;1.0;1;1;1;1;1;1;1;1;1;1;1;1;0.0;0.0;0.0;0.0;0.0;0.0;0.0;0.0;0.0;0.0;0.0;0.0;0.0;0.0;0.0;0.0;0;0;0;0;0;0;0;0;0;0;0;0;;;1.0;1.0;1.0;1.0;1.0;1.0;1.0;1.0;1.0;1.0;1.0;1.0;1.0;1.0;1;1;1;1;1;1;1;1;1;1;1;1;0.0;0.0;0.0;0.0;0.0;0.0;0.0;0.0;0.0;0.0;0.0;0.0;0.0;0.0;0.0;0.0;0;0;0;0;0;0;0;0;0;0;0;0;1.0;5;1.0;1;5;1;1.0;1;1.0;5;5;5.0;5.0;5.0;1.0;4.0;1.0;4;1.0;2.0;1.0;2022.0
170;Tanzania;TZ;TZA;Sub-Saharan Africa;2;2;2;5;3;1.0;1.0;1.0;1.0;1.0;1.0;1.0;1.0;1.0;1.0;1.0;1.0;1.0;1.0;1.0;1.0;1;1;1;1;1;1;1;1;1;1;1;1;0.0;0.0;0.0;0.0;0.0;0.0;0.0;0.0;0.0;1.0;1.0;1.0;1.0;1.0;1.0;1.0;1;1;1;1;1;1;1;1;1;1;1;1;0.0;0.0;0.0;0.0;0.0;0.0;0.0;0.0;0.0;0.0;0.0;0.0;0.0;0.0;0.0;0.0;0;0;0;0;0;0;0;0;0;0;0;0;0.0;0.0;0.0;0.0;0.0;0.0;0.0;0.0;0.0;0.0;0.0;0.0;0.0;0.0;0.0;0.0;0;0;0;0;0;0;0;0;0;0;0;0;3.0;2;2.0;1;5;5;1.0;1;2.0;2;1;5.0;3.0;5.0;3.0;5.0;5.0;5;5.0;4.0;4.0;2022.0
171;Thailand;TH;THA;East Asia & Pacific;2;3;1;3;3;1.0;1.0;1.0;1.0;1.0;1.0;1.0;1.0;1.0;1.0;1.0;1.0;1.0;1.0;1.0;1.0;1;1;1;1;1;1;1;1;1;1;1;1;0.0;0.0;0.0;0.0;0.0;0.0;0.0;0.0;0.0;0.0;0.0;0.0;0.0;0.0;0.0;0.0;0;0;0;0;0;0;0;0;0;0;0;0;0.0;0.0;0.0;0.0;0.0;0.0;0.0;0.0;0.0;0.0;0.0;0.0;0.0;0.0;0.0;0.0;0;0;0;0;0;0;0;0;1;1;1;1;0.0;0.0;0.0;0.0;0.0;0.0;0.0;0.0;0.0;0.0;0.0;0.0;0.0;0.0;0.0;0.0;0;0;0;0;0;0;0;0;0;0;0;0;1.0;3;1.0;1;5;1;1.0;1;1.0;2;1;1.0;1.0;5.0;1.0;5.0;1.0;5;1.0;4.0;1.0;2022.0
172;Timor-Leste;TL;TLS;East Asia & Pacific;2;2;2;5;3;;;;;;;;1.0;1.0;1.0;1.0;1.0;1.0;1.0;1.0;1.0;1;1;1;1;1;1;1;1;1;1;1;1;;;;;;;;0.0;0.0;0.0;0.0;0.0;0.0;0.0;0.0;0.0;0;1;1;1;1;1;1;1;1;1;1;1;;;;;;;;0.0;0.0;0.0;0.0;0.0;0.0;0.0;0.0;0.0;0;0;0;0;0;0;0;0;0;0;0;0;;;;;;;;0.0;0.0;0.0;0.0;0.0;0.0;0.0;0.0;0.0;0;0;0;0;0;0;0;0;0;0;0;0;3.0;2;2.0;1;5;5;1.0;1;2.0;2;1;5.0;3.0;5.0;5.0;4.0;4.0;5;5.0;4.0;4.0;2022.0
173;Togo;TG;TGO;Sub-Saharan Africa;1;3;2;5;3;1.0;1.0;1.0;1.0;1.0;1.0;1.0;1.0;1.0;1.0;1.0;1.0;1.0;1.0;1.0;1.0;1;1;1;1;1;1;1;1;1;1;1;1;1.0;1.0;1.0;1.0;1.0;1.0;1.0;1.0;1.0;1.0;1.0;1.0;1.0;1.0;1.0;1.0;1;1;1;1;1;1;1;1;1;1;1;1;1.0;1.0;1.0;1.0;1.0;1.0;1.0;1.0;1.0;1.0;1.0;1.0;1.0;1.0;1.0;1.0;1;1;1;1;1;1;1;1;1;1;1;1;0.0;0.0;0.0;0.0;0.0;0.0;0.0;0.0;0.0;0.0;0.0;0.0;0.0;0.0;0.0;0.0;0;0;0;0;0;0;0;0;0;0;0;0;3.0;3;2.0;1;5;5;1.0;1;2.0;2;1;5.0;3.0;5.0;3.0;5.0;4.0;5;4.0;5.0;5.0;2022.0
174;Tonga;TO;TON;East Asia & Pacific;2;1;1;1;1;0.0;0.0;0.0;0.0;0.0;0.0;0.0;0.0;0.0;0.0;0.0;0.0;0.0;0.0;0.0;0.0;0;0;0;0;0;0;0;0;0;0;0;0;0.0;0.0;0.0;0.0;0.0;0.0;0.0;0.0;0.0;0.0;0.0;0.0;0.0;0.0;0.0;0.0;0;0;0;0;0;0;0;0;0;0;0;0;0.0;0.0;0.0;0.0;0.0;0.0;0.0;0.0;0.0;0.0;0.0;0.0;0.0;0.0;0.0;0.0;0;0;0;0;0;0;0;0;0;0;0;0;0.0;0.0;0.0;0.0;0.0;0.0;0.0;0.0;0.0;0.0;0.0;0.0;0.0;0.0;0.0;0.0;0;0;0;0;0;0;0;0;0;0;0;0;1.0;1;1.0;1;1;1;1.0;1;1.0;1;1;1.0;1.0;1.0;1.0;1.0;1.0;1;1.0;1.0;1.0;2022.0
175;Trinidad and Tobago;TT;TTO;Americas;4;3;1;3;3;1.0;1.0;1.0;1.0;1.0;1.0;1.0;1.0;1.0;1.0;1.0;1.0;1.0;1.0;1.0;1.0;1;1;1;1;1;1;1;1;1;1;1;1;0.0;0.0;0.0;0.0;0.0;0.0;0.0;0.0;0.0;0.0;0.0;0.0;0.0;0.0;0.0;0.0;0;0;0;0;0;0;0;0;0;0;0;0;0.0;0.0;0.0;0.0;0.0;0.0;0.0;0.0;0.0;0.0;0.0;0.0;0.0;0.0;0.0;0.0;0;1;1;1;1;1;1;1;1;1;1;1;0.0;0.0;0.0;0.0;0.0;0.0;0.0;0.0;0.0;0.0;0.0;0.0;0.0;0.0;0.0;0.0;0;0;0;0;0;0;0;0;0;0;0;0;1.0;3;1.0;1;5;1;1.0;1;1.0;2;1;1.0;1.0;3.0;1.0;5.0;1.0;5;1.0;3.0;1.0;2022.0
176;Tunisia;TN;TUN;Middle East & North Africa;2;2;2;5;1;1.0;1.0;1.0;1.0;1.0;1.0;1.0;1.0;1.0;1.0;1.0;1.0;1.0;1.0;1.0;1.0;1;1;1;1;1;1;1;1;1;1;1;1;1.0;1.0;1.0;1.0;1.0;1.0;1.0;1.0;1.0;1.0;1.0;1.0;1.0;1.0;1.0;1.0;1;1;1;1;1;1;1;1;1;1;1;1;0.0;0.0;0.0;0.0;0.0;0.0;0.0;0.0;0.0;0.0;0.0;0.0;0.0;0.0;0.0;0.0;0;0;0;0;0;0;0;0;0;0;0;0;0.0;0.0;0.0;0.0;0.0;0.0;0.0;0.0;0.0;0.0;0.0;0.0;0.0;0.0;0.0;0.0;0;0;0;0;0;0;0;0;0;0;0;0;3.0;2;2.0;1;4;5;1.0;1;2.0;2;1;5.0;3.0;5.0;3.0;5.0;5.0;5;5.0;5.0;5.0;2022.0
177;Trkiye;TR;TUR;Europe & Central Asia;2;3;2;5;3;1.0;1.0;1.0;1.0;1.0;1.0;1.0;1.0;1.0;1.0;1.0;1.0;1.0;1.0;1.0;1.0;1;1;1;1;1;1;1;1;1;1;1;1;0.0;0.0;0.0;0.0;0.0;0.0;0.0;0.0;0.0;0.0;0.0;0.0;0.0;0.0;0.0;0.0;0;0;0;0;1;1;1;1;1;1;1;1;0.0;0.0;0.0;0.0;0.0;0.0;0.0;0.0;1.0;1.0;1.0;1.0;1.0;1.0;1.0;1.0;1;1;1;1;1;1;1;1;1;1;1;1;0.0;0.0;0.0;0.0;0.0;0.0;0.0;0.0;0.0;0.0;0.0;0.0;0.0;0.0;0.0;0.0;0;0;0;0;0;0;0;0;0;0;0;0;3.0;3;2.0;1;4;5;1.0;1;2.0;3;5;5.0;3.0;5.0;3.0;5.0;3.0;3;3.0;5.0;5.0;2022.0
178;Turkmenistan;TM;TKM;Europe & Central Asia;2;5;5;5;5;1.0;1.0;1.0;1.0;1.0;1.0;1.0;1.0;1.0;1.0;1.0;1.0;1.0;1.0;1.0;1.0;1;1;1;1;1;1;1;1;1;1;1;1;0.0;0.0;0.0;0.0;0.0;0.0;0.0;0.0;0.0;0.0;0.0;0.0;0.0;0.0;0.0;0.0;0;1;1;1;1;1;1;1;1;1;1;1;1.0;1.0;1.0;1.0;1.0;1.0;1.0;1.0;1.0;1.0;1.0;1.0;1.0;1.0;1.0;1.0;1;1;1;1;1;1;1;1;1;1;1;1;0.0;0.0;0.0;0.0;0.0;0.0;0.0;0.0;0.0;0.0;0.0;0.0;0.0;0.0;0.0;0.0;0;1;1;1;1;1;1;1;1;1;1;1;2.0;3;1.0;5;5;1;2.0;5;1.0;5;5;5.0;5.0;;;5.0;5.0;4;4.0;5.0;5.0;2022.0
179;Tuvalu;TV;TUV;East Asia & Pacific;2;2;2;5;3;1.0;1.0;1.0;1.0;1.0;1.0;1.0;1.0;1.0;1.0;1.0;1.0;1.0;1.0;1.0;1.0;1;1;1;1;1;1;1;1;1;1;1;1;0.0;0.0;0.0;0.0;0.0;0.0;0.0;0.0;0.0;0.0;0.0;0.0;0.0;0.0;0.0;0.0;0;0;0;0;0;0;1;1;1;1;1;1;0.0;0.0;0.0;0.0;0.0;0.0;0.0;0.0;0.0;0.0;0.0;0.0;0.0;0.0;0.0;0.0;0;0;0;0;0;0;0;0;0;0;0;0;0.0;0.0;0.0;0.0;0.0;0.0;0.0;0.0;0.0;0.0;0.0;0.0;0.0;0.0;0.0;0.0;0;0;0;0;0;0;0;0;0;0;0;0;3.0;2;2.0;1;5;5;1.0;1;5.0;5;3;5.0;3.0;3.0;3.0;4.0;4.0;5;5.0;5.0;5.0;2022.0
180;Uganda;UG;UGA;Sub-Saharan Africa;1;2;2;5;1;1.0;1.0;1.0;1.0;1.0;1.0;1.0;1.0;1.0;1.0;1.0;1.0;1.0;1.0;1.0;1.0;1;1;1;1;1;1;1;1;1;1;1;1;0.0;0.0;0.0;0.0;0.0;0.0;0.0;0.0;0.0;0.0;0.0;1.0;1.0;1.0;1.0;1.0;1;1;1;1;1;1;1;1;1;1;1;1;0.0;0.0;0.0;0.0;0.0;0.0;0.0;0.0;0.0;0.0;0.0;0.0;0.0;0.0;0.0;0.0;0;0;0;0;0;0;0;0;0;0;0;0;0.0;0.0;0.0;0.0;0.0;0.0;0.0;0.0;0.0;0.0;0.0;0.0;0.0;0.0;0.0;0.0;0;0;0;0;0;0;0;0;0;0;0;0;3.0;2;2.0;1;5;5;1.0;1;5.0;2;1;1.0;1.0;3.0;3.0;4.0;4.0;4;4.0;4.0;4.0;2022.0
181;Ukraine;UA;UKR;Europe & Central Asia;2;5;5;5;5;1.0;1.0;1.0;1.0;1.0;1.0;1.0;1.0;1.0;1.0;1.0;1.0;1.0;1.0;1.0;1.0;1;1;1;1;1;1;1;1;1;1;1;1;1.0;1.0;1.0;1.0;1.0;1.0;1.0;1.0;1.0;1.0;1.0;1.0;1.0;1.0;1.0;1.0;1;1;1;1;1;1;1;1;1;1;1;1;1.0;1.0;1.0;1.0;1.0;1.0;1.0;1.0;1.0;1.0;1.0;1.0;1.0;1.0;1.0;1.0;1;1;1;1;1;1;1;1;1;1;1;1;1.0;1.0;1.0;1.0;1.0;1.0;1.0;1.0;1.0;1.0;1.0;1.0;1.0;1.0;1.0;1.0;1;1;1;1;1;1;1;1;1;1;1;1;3.0;3;2.0;5;5;5;2.0;2;2.0;5;5;5.0;5.0;5.0;5.0;4.0;4.0;4;4.0;5.0;5.0;2022.0
182;United Arab Emirates;AE;ARE;Middle East & North Africa;4;2;2;5;1;1.0;1.0;1.0;1.0;1.0;1.0;1.0;1.0;1.0;1.0;1.0;1.0;1.0;1.0;1.0;1.0;1;1;1;1;1;1;1;1;1;1;1;1;0.0;0.0;0.0;0.0;0.0;0.0;0.0;0.0;0.0;0.0;0.0;0.0;0.0;0.0;0.0;0.0;0;0;0;0;0;0;0;0;0;1;1;1;0.0;0.0;0.0;0.0;0.0;0.0;0.0;0.0;0.0;0.0;0.0;0.0;0.0;0.0;0.0;0.0;0;0;0;0;0;0;0;0;0;0;0;0;0.0;0.0;0.0;0.0;0.0;0.0;0.0;0.0;0.0;0.0;0.0;0.0;0.0;0.0;0.0;0.0;0;0;0;0;0;0;0;0;0;0;0;0;3.0;2;2.0;1;5;5;1.0;1;2.0;2;1;5.0;3.0;3.0;3.0;3.0;3.0;3;3.0;4.0;4.0;2022.0
183;United Kingdom;GB;GBR;Europe & Central Asia;4;4;5;5;4;1.0;1.0;1.0;1.0;1.0;1.0;1.0;1.0;1.0;1.0;1.0;1.0;1.0;1.0;1.0;1.0;1;1;1;1;1;1;1;1;1;1;1;1;0.0;0.0;0.0;0.0;0.0;0.0;0.0;0.0;1.0;1.0;1.0;1.0;1.0;1.0;1.0;1.0;1;1;1;1;1;1;1;1;1;1;1;1;1.0;1.0;1.0;1.0;1.0;1.0;1.0;1.0;1.0;1.0;1.0;1.0;1.0;1.0;1.0;1.0;1;1;1;1;1;1;1;1;1;1;1;1;0.0;0.0;0.0;0.0;0.0;0.0;0.0;0.0;0.0;0.0;0.0;0.0;0.0;0.0;0.0;0.0;1;1;1;1;1;1;1;1;1;1;1;1;3.0;4;2.0;1;5;5;1.0;1;5.0;5;5;1.0;3.0;5.0;3.0;4.0;4.0;4;4.0;5.0;5.0;2022.0
184;United States of America;US;USA;Americas;4;1;1;1;1;0.0;0.0;0.0;0.0;0.0;0.0;0.0;0.0;0.0;0.0;0.0;0.0;0.0;0.0;0.0;0.0;0;0;0;0;0;0;0;0;0;0;0;0;0.0;0.0;0.0;0.0;0.0;0.0;0.0;0.0;0.0;0.0;0.0;0.0;0.0;0.0;0.0;0.0;0;0;0;0;0;0;0;0;0;0;0;0;0.0;0.0;0.0;0.0;0.0;0.0;0.0;0.0;0.0;0.0;0.0;0.0;0.0;0.0;0.0;0.0;0;0;0;0;0;0;0;0;0;0;0;0;0.0;0.0;0.0;0.0;0.0;0.0;0.0;0.0;0.0;0.0;0.0;0.0;0.0;0.0;0.0;0.0;0;0;0;0;0;0;0;0;0;0;0;0;1.0;1;1.0;1;1;1;1.0;1;1.0;1;1;4.0;1.0;1.0;1.0;1.0;1.0;1;1.0;1.0;1.0;2022.0
185;Uruguay;UY;URY;Americas;4;3;2;5;3;1.0;1.0;1.0;1.0;1.0;1.0;1.0;1.0;1.0;1.0;1.0;1.0;1.0;1.0;1.0;1.0;1;1;1;1;1;1;1;1;1;1;1;1;0.0;0.0;0.0;0.0;0.0;0.0;0.0;0.0;0.0;0.0;0.0;0.0;0.0;0.0;0.0;0.0;0;0;1;1;1;1;1;1;1;1;1;1;0.0;0.0;0.0;0.0;0.0;0.0;0.0;0.0;0.0;0.0;0.0;0.0;0.0;0.0;0.0;0.0;0;0;1;1;1;1;1;1;1;1;1;1;0.0;0.0;0.0;0.0;0.0;0.0;0.0;0.0;0.0;0.0;0.0;0.0;0.0;0.0;0.0;0.0;0;0;0;0;0;0;0;0;0;0;0;0;3.0;3;2.0;1;5;5;1.0;1;2.0;3;5;5.0;3.0;5.0;5.0;4.0;4.0;5;5.0;4.0;4.0;2022.0
186;Uzbekistan;UZ;UZB;Europe & Central Asia;2;5;5;5;5;1.0;1.0;1.0;1.0;1.0;1.0;1.0;1.0;1.0;1.0;1.0;1.0;1.0;1.0;1.0;1.0;1;1;1;1;1;1;1;1;1;1;1;1;1.0;1.0;1.0;1.0;1.0;1.0;1.0;1.0;1.0;1.0;1.0;1.0;1.0;1.0;1.0;1.0;1;1;1;1;1;1;1;1;1;1;1;1;1.0;1.0;1.0;1.0;1.0;1.0;1.0;1.0;1.0;1.0;1.0;1.0;1.0;1.0;1.0;1.0;1;1;1;1;1;1;1;1;1;1;1;1;1.0;1.0;1.0;1.0;1.0;1.0;1.0;1.0;1.0;1.0;1.0;1.0;1.0;1.0;1.0;1.0;1;1;1;1;1;1;1;1;1;1;1;1;2.0;5;1.0;1;5;1;1.0;1;1.0;5;5;5.0;5.0;;;5.0;5.0;4;4.0;5.0;5.0;2022.0
187;Vanuatu;VU;VUT;East Asia & Pacific;2;2;1;3;3;1.0;1.0;1.0;1.0;1.0;1.0;1.0;1.0;1.0;1.0;1.0;1.0;1.0;1.0;1.0;1.0;1;1;1;1;1;1;1;1;1;1;1;1;0.0;0.0;0.0;0.0;0.0;0.0;0.0;0.0;0.0;0.0;0.0;0.0;0.0;0.0;0.0;0.0;0;0;0;0;0;0;0;0;0;0;0;0;0.0;0.0;0.0;0.0;0.0;0.0;0.0;0.0;0.0;0.0;0.0;0.0;0.0;0.0;0.0;0.0;0;0;0;0;0;0;0;0;0;0;0;0;0.0;0.0;0.0;0.0;0.0;0.0;0.0;0.0;0.0;0.0;0.0;0.0;0.0;0.0;0.0;0.0;0;0;0;0;0;0;0;0;0;0;0;0;1.0;2;1.0;1;4;1;1.0;1;1.0;2;1;5.0;3.0;3.0;1.0;4.0;1.0;4;1.0;4.0;1.0;2022.0
188;Venezuela;VE;VEN;Americas;2;4;2;5;3;1.0;1.0;1.0;1.0;1.0;1.0;1.0;1.0;1.0;1.0;1.0;1.0;1.0;1.0;1.0;1.0;1;1;1;1;1;1;1;1;1;1;1;1;0.0;0.0;0.0;0.0;0.0;0.0;0.0;0.0;0.0;0.0;0.0;0.0;1.0;1.0;1.0;1.0;1;1;1;1;1;1;1;1;1;1;1;1;1.0;1.0;1.0;1.0;1.0;1.0;1.0;1.0;1.0;1.0;1.0;1.0;1.0;1.0;1.0;1.0;1;1;1;1;1;1;1;1;1;1;1;1;0.0;0.0;0.0;0.0;0.0;0.0;0.0;0.0;0.0;0.0;0.0;0.0;0.0;0.0;0.0;0.0;0;0;0;0;0;0;0;0;0;0;0;0;3.0;4;2.0;1;5;5;1.0;1;5.0;5;3;5.0;5.0;5.0;5.0;5.0;5.0;5;5.0;5.0;5.0;2022.0
189;Vietnam;VN;VNM;East Asia & Pacific;2;4;2;5;3;1.0;1.0;1.0;1.0;1.0;1.0;1.0;1.0;1.0;1.0;1.0;1.0;1.0;1.0;1.0;1.0;1;1;1;1;1;1;1;1;1;1;1;1;0.0;0.0;0.0;0.0;0.0;0.0;0.0;0.0;0.0;0.0;0.0;0.0;0.0;0.0;0.0;0.0;0;0;0;1;1;1;1;1;1;1;1;1;1.0;1.0;1.0;1.0;1.0;1.0;1.0;1.0;1.0;1.0;1.0;1.0;1.0;1.0;1.0;1.0;1;1;1;1;1;1;1;1;1;1;1;1;0.0;0.0;0.0;0.0;0.0;0.0;0.0;0.0;0.0;0.0;0.0;0.0;0.0;0.0;0.0;0.0;0;0;0;0;0;0;0;0;0;0;0;0;3.0;4;2.0;1;5;5;1.0;1;5.0;3;5;5.0;5.0;3.0;3.0;4.0;4.0;5;5.0;5.0;5.0;2022.0
190;Yemen;YE;YEM;Middle East & North Africa;1;2;1;3;1;1.0;1.0;1.0;1.0;1.0;1.0;1.0;1.0;1.0;1.0;1.0;1.0;1.0;1.0;1.0;1.0;1;1;1;1;1;1;1;1;1;1;1;1;0.0;0.0;0.0;0.0;0.0;0.0;0.0;0.0;0.0;0.0;0.0;0.0;0.0;0.0;0.0;0.0;0;0;0;0;0;0;0;0;0;0;0;0;0.0;0.0;0.0;0.0;0.0;0.0;0.0;0.0;0.0;0.0;0.0;0.0;0.0;0.0;0.0;0.0;0;0;0;0;0;0;0;0;0;0;0;0;0.0;0.0;0.0;0.0;0.0;0.0;0.0;0.0;0.0;0.0;0.0;0.0;0.0;0.0;0.0;0.0;0;0;0;0;0;0;0;0;0;0;0;0;1.0;2;1.0;1;5;1;1.0;1;1.0;2;1;1.0;1.0;3.0;1.0;4.0;1.0;3;1.0;4.0;1.0;2022.0
191;Zambia;ZM;ZMB;Sub-Saharan Africa;2;3;2;5;3;1.0;1.0;1.0;1.0;1.0;1.0;1.0;1.0;1.0;1.0;1.0;1.0;1.0;1.0;1.0;1.0;1;1;1;1;1;1;1;1;1;1;1;1;0.0;0.0;0.0;0.0;0.0;0.0;0.0;0.0;0.0;0.0;0.0;0.0;0.0;0.0;0.0;0.0;0;0;0;0;0;0;0;0;1;1;1;1;0.0;0.0;0.0;0.0;0.0;0.0;0.0;0.0;0.0;0.0;0.0;0.0;0.0;0.0;0.0;0.0;0;0;0;0;0;0;0;0;1;1;1;1;0.0;0.0;0.0;0.0;0.0;0.0;0.0;0.0;0.0;0.0;0.0;0.0;0.0;0.0;0.0;0.0;0;0;0;0;0;0;0;0;0;0;0;0;3.0;3;2.0;1;1;5;1.0;1;5.0;2;1;5.0;3.0;3.0;3.0;4.0;4.0;3;4.0;4.0;4.0;2022.0
192;Zimbabwe;ZW;ZWE;Sub-Saharan Africa;2;3;1;3;3;1.0;1.0;1.0;1.0;1.0;1.0;1.0;1.0;1.0;1.0;1.0;1.0;1.0;1.0;1.0;1.0;1;1;1;1;1;1;1;1;1;1;1;1;0.0;0.0;0.0;0.0;0.0;0.0;0.0;0.0;0.0;0.0;0.0;0.0;0.0;0.0;0.0;0.0;0;0;0;0;0;0;0;0;0;0;0;0;0.0;0.0;0.0;0.0;0.0;0.0;0.0;0.0;0.0;0.0;0.0;1.0;1.0;1.0;1.0;1.0;1;1;1;1;1;1;1;1;1;1;1;1;0.0;0.0;0.0;0.0;0.0;0.0;0.0;0.0;0.0;0.0;0.0;0.0;0.0;0.0;0.0;0.0;0;0;0;0;0;0;0;0;0;0;0;0;1.0;3;1.0;1;5;1;1.0;1;1.0;2;1;5.0;3.0;3.0;1.0;4.0;1.0;5;1.0;4.0;1.0;2022.0
